Archivo,Linea_1,Linea_2
1-1-1.csv,"Year,Units,Value","2008,%,0.1"
1-2-1.csv,"Year,Sexo,Units,Value","2014,,%,18.5"
1-2-2.csv,"Year,Dimensión de la pobreza,Sexo,Units,Value","2024,,,%,20.6"
1-3-1.csv,"Year,Series,Sexo,Territorio histórico,Units,Value","2023,Proporción de personas desempleadas que reciben prestaciones por desempleo,,,%,66.0"
1-4-1.csv,"Year,Series,Territorio histórico,Comarca,Municipio,Units,GeoCode,Value","2016,Proporción de viviendas con agua corriente,,,,%,,99.9"
1-5-1.csv,"Year,Sexo,Territorio histórico,Comarca,Municipio,Units,GeoCode,Value","2021,,,,,Por 100.000 habitantes,,0.0"
1-5-2.csv,"Year,Territorio histórico,Units,Value","2022,,%,0.0"
1-5-4.csv,"Year,Series,Territorio histórico,Comarca,Municipio,Units,GeoCode,Value","2010,Proporción de municipios que disponen de un plan municipal de emergencias,,,,%,,33.73"
1-a-1.csv,"Year,Series,Units,Value","2014,Ayuda Oficial al Desarrollo para la reducción de la pobreza (desembolso bruto total),Millones de euros,6.84"
1-a-2.csv,"Year,Servicios esenciales,Units,Value","2018,,%,70.7"
10-1-1.csv,"Year,Series,Grupo de ingresos,Territorio histórico,Units,Value","2020,Tasa de crecimiento del gasto familiar per cápita,,,%,-1.1"
10-2-1.csv,"Year,Units,Value","2008,%,8.0"
10-3-1.csv,"Year,Sexo,Territorio histórico,Units,Value","2013,,,%,5.6"
10-4-1.csv,"Year,Territorio histórico,Units,Value","2019,,%,47.3"
10-4-2.csv,"Year,Series,Units,Value","2018,Índice de Gini del ingreso disponible equivalente (postfiscal),%,26.7"
10-7-4.csv,"Year,Units,Value","2015,Por 100.000,3.9"
11-1-1.csv,"Year,Series,Units,Value","2022,Proporción de personas que vive en una vivienda con problemas de humedad,%,12.4"
11-3-2.csv,"Year,Units,Value","2015,%,100"
11-4-1.csv,"Year,Administración pública,Units,Value","2021,Administración autonómica y local,Euro per cápita,30.2"
11-5-1.csv,"Year,Sexo,Territorio histórico,Comarca,Municipio,Units,GeoCode,Value","2021,,,,,Por 100.000 habitantes,,0.0"
11-5-2.csv,"Year,Territorio histórico,Units,Value","2022,,%,0.0"
11-6-1.csv,"Year,Series,Operación de tratamiento de residuos,Territorio histórico,Units,Value","2022,Residuos urbanos recogidos per cápita,,,Kg per cápita,448.5"
11-6-2.csv,"Year,Partículas en suspensión,Units,Value","2017,""PM 2,5"",Microgramos por metro cúbico,9.8"
11-7-1.csv,"Year,Units,Value","2014,%,11.3"
11-7-2.csv,"Year,Sexo,Units,Value","2018,,Por 100.000,16.0"
11-a-1.csv,"Year,Series,Territorio histórico,Comarca,Municipio,Units,GeoCode,Value","2021,Proporción de municipios cubiertos por un plan de ordenación territorial (PTP),,,,%,,100.0"
11-b-2.csv,"Year,Series,Territorio histórico,Comarca,Municipio,Units,GeoCode,Value","2010,Proporción de municipios que disponen de un plan municipal de emergencias,,,,%,,33.73"
12-1-1.csv,"Year,Units,Value","2010,""Lógica (1=Sí, -1=No)"",-1"
12-2-2.csv,"Year,Series,Units,Value","2016,Consumo doméstico de materiales en términos absolutos,Kilotoneladas,21507.9"
12-3-1.csv,"Year,Series,Units,Value","2022,Desperdicio alimentario,Toneladas,232582.0"
12-4-2.csv,"Year,Series,Operación de tratamiento de residuos,Territorio histórico,Units,Value","2015,Residuos peligrosos generados per cápita,,,Kg per cápita,150.9"
12-5-1.csv,"Year,Territorio histórico,Units,Value","2022,,%,33.3"
12-6-1.csv,"Year,Series,Territorio histórico,Units,Value","2022,Número de organizaciones con Sistema comunitario de gestión y auditoría medioambiental (EMAS),,Organizaciones,93"
12-7-1.csv,"Year,Series,Units,Value","2022,Nivel de implementación de las políticas de contratación pública sostenible,Índice,79"
12-a-1.csv,"Year,Tipo de tecnología renovable,Territorio histórico,Comarca,Municipio,Units,GeoCode,Value","2014,,,,,Watts per cápita,,167.8"
13-1-1.csv,"Year,Sexo,Territorio histórico,Comarca,Municipio,Units,GeoCode,Value","2021,,,,,Por 100.000 habitantes,,0.0"
13-1-3.csv,"Year,Series,Territorio histórico,Comarca,Municipio,Units,GeoCode,Value","2010,Proporción de municipios que disponen de un plan municipal de emergencias,,,,%,,33.73"
13-2-2.csv,"Year,Series,Sector emisor,Units,Value","2012,Emisiones totales de gases de efecto invernadero por año,,Toneladas de CO2 equivalente,20446954.85"
14-3-1.csv,"Year,Units,Value","2010,pH,8.082"
14-5-1.csv,"Year,Units,Value","2024,%,100"
15-1-1.csv,"Year,Series,Territorio histórico,Comarca,Municipio,Units,GeoCode,Value","2018,Superficie forestal en proporción a la superficie total,,,,%,,54.2"
15-1-2.csv,"Year,Territorio histórico,Units,Value","2024,,%,58.7"
15-1-E1.csv,"Year,Series,Ecosistema,Units,Value","2018,Superficie de las áreas terrestres protegidas (Km2),,Kilómetros cuadrados,1713.6"
15-2-1.csv,"Year,Series,Units,Value","2020,Superficie forestal con instrumentos de gestión sostenible vigentes,Hectáreas,98696.0"
15-3-1.csv,"Year,Series,Units,Value","2011,Superficie de suelo recuperado para nuevos usos (acumulado),Hectáreas,573.0"
15-4-1.csv,"Year,Territorio histórico,Units,Value","2024,,%,58.7"
15-4-2.csv,"Year,Units,Value","2015,%,95.5"
15-8-1.csv,"Year,Units,Value","2013,""Lógica (1=Sí, -1=No)"",1"
16-1-1.csv,"Year,Territorio histórico,Units,Value","2023,,Por 100.000,0.32"
16-1-2.csv,"Year,Units,Value","2010,Por 100.000,0"
16-1-4.csv,"Year,Sexo,Territorio histórico,Units,Value","2024,,,%,69.1"
16-1-E1.csv,"Year,Territorio histórico,Units,Value","2017,,%,6.3"
16-2-2.csv,"Year,Tipo de explotación,Units,Value","2021,,Por 100.000,0.0"
16-3-2.csv,"Year,Sexo,Territorio histórico,Units,Value","2014,,,%,7.8"
16-6-1.csv,"Year,Series,Territorio histórico,Comarca,Municipio,Units,GeoCode,Value","2019,Gasto liquidado por la administración autonómica en relación al gasto presupuestado,,,,%,,102.16"
16-6-2.csv,"Year,Servicios públicos,Units,Value","2023,,%,56.9"
16-7-1.csv,"Year,Series,Institución,Territorio histórico,Units,Value","2022,Proporción de mujeres en el parlamento en relación con la proporción de mujeres en la población,,,Ratio,1.01"
16-9-1.csv,"Year,Units,Value","2010,%,100"
16-b-1.csv,"Year,Sexo,Territorio histórico,Units,Value","2013,,,%,5.6"
17-1-1.csv,"Year,Territorio histórico,Units,Value","2019,,%,24.9"
17-1-2.csv,"Year,Series,Units,Value","2022,Proporción de los ingresos de las administraciones públicas autonómicas y locales provenientes de impuestos ,%,85.0"
17-13-1.csv,"Year,Series,Territorio histórico,Units,Value","2017,Tasa de variación interanual del PIB,,%,2.7"
17-18-2.csv,"Year,Units,Value","2010,""Lógica (1=Sí, -1=No)"",1"
17-18-3.csv,"Year,Units,Value","2010,""Lógica (1=Sí, -1=No)"",1"
17-19-2.csv,"Year,Series,Units,Value","2016,Se ha realizado al menos un censo de población y vivienda en los últimos diez años,""Lógica (1=Sí, -1=No)"",1"
17-2-1.csv,"Year,Series,Units,Value","2022,Ayuda Oficial al Desarrollo neta de las administraciones públicas autonómicas y locales,Millones de euros,78.48"
17-3-1.csv,"Year,Series,Units,Value","2022,Inversión directa neta en los países receptores de Ayuda Oficial al Desarrollo,Millones de euros,1593.05"
17-3-2.csv,"Year,Series,Units,Value","2020,Volumen de remesas enviadas al extranjero en proporción al PIB,%,0.51"
17-6-1.csv,"Year,Tecnología de acceso,Territorio histórico,Units,Value","2021,,,Por 100 personas,38.8"
17-8-1.csv,"Year,Sexo,Territorio histórico,Units,Value","2010,,,%,58.4"
2-1-2.csv,"Year,Series,Units,Value","2012,Prevalencia de la inseguridad alimentaria grave o muy grave,%,7.7"
2-2-2.csv,"Year,Sexo,Units,Value","2018,,%,33.4"
2-2-E1.csv,"Year,Sexo,Units,Value","2018,,%,12.8"
2-3-1.csv,"Year,Series,Territorio histórico,Units,Value","2018,Productividad de los pequeños productores de alimentos,,Euros,12030.9"
2-3-2.csv,"Year,Series,Territorio histórico,Units,Value","2018,Ingresos medios de los pequeños productores de alimentos,,Euros,7612.6"
2-4-1.csv,"Year,Series,Units,Value","2014,Proporción de superficie agrícola que ha alcanzado un nivel aceptable o deseable de valor de producción agrícola por hectárea,%,27.73"
2-4-E1.csv,"Year,Territorio histórico,Comarca,Municipio,Units,GeoCode,Value","2016,,,,%,,1.5"
2-4-E2.csv,"Year,Series,Actividad económica,Units,Value","2022,Emisiones de amoníaco de la agricultura y ganadería por hectárea,,Kg por hectárea,18.0"
2-a-1.csv,"Year,Territorio histórico,Comarca,Municipio,Units,GeoCode,Value","2012,,,,%,,0.8"
2-a-2.csv,"Year,Series,Units,Value","2014,Ayuda Oficial al Desarrollo destinada a la agricultura (desembolso bruto total),Millones de euros,6.71"
2-c-1.csv,"Year,Series,Tipo de alimento,Territorio histórico,Units,Value","2022,Indicador de anomalías en los precios de los alimentos,,,Índice,2.6"
3-1-1.csv,"Year,Territorio histórico,Units,Value","2022,,Por 100.000,7.33"
3-1-2.csv,"Year,Territorio histórico,Units,Value","2020,,%,99.97"
3-2-1.csv,"Year,Sexo,Territorio histórico,Units,Value","2011,,,Por 1.000 nacidos vivos,3.4"
3-2-2.csv,"Year,Territorio histórico,Sexo,Units,Value","2023,,,Por 1.000 nacidos vivos,1.8"
3-3-1.csv,"Year,Series,Sexo,Units,Value","2015,Número de nuevas infecciones por el VIH por cada 1.000 habitantes ,,Por 1.000,0.07"
3-3-2.csv,"Year,Series,Sexo,Units,Value","2020,Incidencia de la tuberculosis por cada 100.000 habitantes,,Por 100.000,10.7"
3-3-3.csv,"Year,Series,Sexo,Units,Value","2015,Incidencia de la malaria por cada 1.000 habitantes,,Por 1.000,0"
3-3-4.csv,"Year,Sexo,Units,Value","2016,,Por 100.000,0.5"
3-4-1.csv,"Year,Series,Enfermedad no transmisible,Sexo,Territorio histórico,Comarca,Municipio,Units,GeoCode,Value","2010,Tasa de mortalidad prematura (entre 30 y 70 años),,,,,,%,,10.2"
3-4-2.csv,"Year,Sexo,Territorio histórico,Units,Value","2011,,,Por 100.000 habitantes,7.9"
3-4-E1.csv,"Year,Series,Sexo,Units,Value","2013,Cáncer colorrectal,,%,69.7"
3-4-E2.csv,"Year,Series,Sexo,Territorio histórico,Units,Value","2012,Esperanza de vida al nacer,,,Años,82.48"
3-5-1.csv,"Year,Sustancia adictiva,Sexo,Units,Value","2018,Todas las sustancias adictivas,,Por 100.000,125.8"
3-5-2.csv,"Year,Series,Units,Value","2015,Consumo de alcohol per cápita (a partir de los 15 años de edad) durante un año civil ,Litros de alcohol puro,10.6"
3-6-1.csv,"Year,Sexo,Territorio histórico,Units,Value","2011,,,Por 100.000 habitantes,3.7"
3-7-1.csv,"Year,Units,Value","2018,%,76.9"
3-7-2.csv,"Year,Edad,Territorio histórico,Units,Value","2013,10-14 años,,Por 1.000 habitantes,0.1"
3-8-1.csv,"Year,Sexo,Units,Value","2011,,%,0.2"
3-8-2.csv,"Year,Nivel de gasto,Units,Value","2017,Superiores al 25%,%,1.4"
3-9-1.csv,"Year,Series,Sexo,Territorio histórico,Units,Value","2019,Tasa de mortalidad prematura por exposición a partículas finas por 100.000 habitantes,,,Por 100.000,31.3"
3-9-3.csv,"Year,Sexo,Territorio histórico,Units,Value","2011,,,Por 100.000 habitantes,1.3"
3-a-1.csv,"Year,Sexo,Territorio histórico,Units,Value","2018,,,%,16.7"
3-b-1.csv,"Year,Tipo de vacuna,Units,Value","2023,""Difteria, tétanos y tosferina en la población infantil "",%,95.9"
3-b-2.csv,"Year,Series,Units,Value","2014,Ayuda Oficial al Desarrollo destinada a la investigación médica y la atención sanitaria básica (desembolso bruto total),Millones de euros,1.39"
3-c-1.csv,"Year,Profesión,Situación laboral,Sexo,Territorio histórico,Units,Value","2021,,,,,Por 10.000 habitantes,173.7"
4-1-1.csv,"Year,Tipo de competencia,Sexo,Units,Value","2015,Comprensión lectora,,%,82.6"
4-1-2.csv,"Year,Series,Nivel educativo,Units,Value","2016,Tasa de finalización (educación secundaria inferior y educación secundaria superior),Secundaria inferior,%,95.5"
4-1-E1.csv,"Year,Sexo,Units,Value","2022,,%,8.8"
4-2-2.csv,"Year,Sexo,Territorio histórico,Comarca,Municipio,Units,GeoCode,Value","2021,,,,,%,,99.7"
4-3-1.csv,"Year,Series,Sexo,Edad,Territorio histórico,Units,Value","2022,Tasa de participación en actividades educativas en los últimos 12 meses,,18-64 años,,%,52.9"
4-4-1.csv,"Year,Habilidad informática,Edad,Sexo,Territorio histórico,Units,Value","2022,,,,,%,68.8"
4-5-1.csv,"Year,Series,Territorio histórico,Units,Value","2022,Índice de paridad de género en la realización de actividades educativas,,Ratio,1.07"
4-6-1.csv,"Year,Tipo de competencia,Sexo,Units,Value","2023,Matemáticas,,%,81.0"
4-a-1.csv,"Year,Servicios básicos,Units,COL2,COL3,COL4,COL5,COL6,COL7,COL8,COL9,COL10,Value","2023,Electricidad,%,,,,,,,,,,100.0"
4-c-1.csv,"Year,Series,Nivel educativo,Units,Value","2021,""Proporción de docentes con las calificaciones mínimas requeridas, desglosada por nivel educativo"",Preescolar,%,100"
5-1-1.csv,"Year,Series,Units,Value","2020,Area 1: marco legal global y vida pública,%,100.0"
5-2-1.csv,"Year,Territorio histórico,Comarca,Municipio,Units,GeoCode,Value","2022,,,,Por 10.000,,39.9"
5-2-2.csv,"Year,Territorio histórico,Comarca,Municipio,Units,GeoCode,Value","2022,,,,Por 10.000,,4.6"
5-3-1.csv,"Year,Territorio histórico,Units,Value","2022,,%,0.0"
5-4-1.csv,"Year,Sexo,Territorio histórico,Units,Value","2013,,,Minutos,173"
5-5-1.csv,"Year,Series,Territorio histórico,Units,Value","2010,Proporción de escaños ocupados por mujeres en el Parlamento Vasco,,%,45.3"
5-5-2.csv,"Year,Ocupacion,Territorio histórico,Units,Value","2018,Cargo directivo,,%,35.8"
5-a-1.csv,"Year,Series,Sexo,Tipo de tenencia,Territorio histórico,Units,Value","2009,""Proporción de mujeres entre los propietarios o los titulares de derechos sobre tierras agrícolas, desglosada por tipo de tenencia"",,,,%,33.2"
5-a-2.csv,"Year,Units,Value","2015,Índice,6"
5-b-1.csv,"Year,Sexo,Territorio histórico,Units,Value","2010,,,%,89.5"
6-1-1.csv,"Year,Series,Units,Value","2016,Población que utiliza servicios de suministro de agua potable gestionados sin riesgos,%,100"
6-2-1.csv,"Year,Series,Territorio histórico,Comarca,Municipio,Units,GeoCode,Value","2019,Proporción de viviendas con agua corriente,,,,%,,99.9"
6-3-1.csv,"Year,Series,Units,Value","2018,Proporción de flujos de aguas residuales domésticas tratadas de manera adecuada,%,80.0"
6-3-2.csv,"Year,Series,Categoría de masas de agua,Units,Value","2019,Proporción de masas de agua de buena calidad,,%,60.9"
6-4-2.csv,"Year,Tipo de uso,Territorio histórico,Units,Value","2017,,,M3,180334331.0"
6-5-2.csv,"Year,Units,Value","2010,%,100"
6-b-1.csv,"Year,Series,Units,Value","2016,Proporción de dependencias administrativas locales que han establecido políticas y procedimientos operacionales para la participación de las comunidades locales en la gestión de aguas de consumo,%,100"
7-1-1.csv,"Year,Units,Value","2012,%,100.0"
7-1-2.csv,"Year,Units,Value","2010,%,100"
7-2-1.csv,"Year,Units,Value","2010,%,15.6"
7-3-1.csv,"Year,Units,Value","2007,Megajulios por USD constante de PPA (PIB),2.59"
7-b-1.csv,"Year,Tipo de tecnología renovable,Territorio histórico,Comarca,Municipio,Units,GeoCode,Value","2014,,,,,Watts per cápita,,167.8"
8-1-1.csv,"Year,Territorio histórico,Units,Value","2022,,%,5.6"
8-10-1.csv,"Year,Series,Territorio histórico,Units,Value","2018,Sucursales de bancos comerciales por cada 100.000 habitantes de 15 y más años,,Por 100.000,71.2"
8-10-2.csv,"Year,Sexo,Units,Value","2021,,%,99.2"
8-2-1.csv,"Year,Territorio histórico,Units,Value","2022,,%,3.7"
8-4-2.csv,"Year,Series,Units,Value","2016,Consumo doméstico de materiales en términos absolutos,Kilotoneladas,21507.9"
8-5-1.csv,"Year,Series,Sexo,Discapacidad,Units,Value","2022,Ingreso medio por hora,,,Euros,20.8"
8-5-2.csv,"Year,Sexo,Edad,Nacionalidad,Discapacidad,Territorio histórico,Comarca,Municipio,Units,GeoCode,Value","2021,,,,,,,,%,,10.0"
8-5-E1.csv,"Year,Series,Sexo,Tipo de contrato,Territorio histórico,Comarca,Municipio,Units,GeoCode,Value","2024,Tasa de ocupación,,,,,,%,,75.6"
8-6-1.csv,"Year,Sexo,Territorio histórico,Units,Value","2011,,,%,10.9"
8-8-1.csv,"Year,Series,Sexo,Territorio histórico,Units,Value","2021, Lesiones ocupacionales mortales ,,,""Por 100,000 empleados"",3.7"
8-9-1.csv,"Year,Series,Territorio histórico,Units,Value","2011,PIB generado por el turismo en proporción al PIB total,,%,5.5"
8-b-1.csv,"Year,Series,Units,Value","2022,Gasto de las administraciones públicas autonómicas en fomento del empleo,Millones de euros,528.6"
9-1-1.csv,"Year,Territorio histórico,Units,Value","2024,Araba/Álava,%,99.4"
9-1-2.csv,"Year,Series,Territorio histórico,Units,Value","2020,Pasajeros transportados por vía aérea,,Miles de pasajeros,1817.6"
9-2-1.csv,"Year,Series,Territorio histórico,Units,Value","2010,Valor añadido del sector manufacturero en proporción al PIB,Araba/Álava,%,24.9"
9-2-2.csv,"Year,Sexo,Territorio histórico,Units,Value","2011,,,%,22.8"
9-3-1.csv,"Year,Territorio histórico,Units,Value","2022,,%,19.9"
9-4-1.csv,"Year,Series,Units,Value","2015,Emisiones de CO2,Toneladas,14537114.24"
9-4-E1.csv,"Year,Partículas en suspensión,Units,COL2,Value","2017,""PM 2,5"",Gramo por euro de PIB,,0.06"
9-5-1.csv,"Year,Series,Territorio histórico,Units,Value","2012,Gastos en investigación y desarrollo en proporción al PIB,,%,2.1"
9-5-2.csv,"Year,Sexo,Territorio histórico,Units,Value","2011,,,Por millón de habitantes,5180.9"
9-b-1.csv,"Year,Units,Value","2010,%,31.7"
9-c-1.csv,"Year,Series,Territorio histórico,Units,Value","2015,""Proporción de hogares cubiertos con redes móviles 3,5G"",,%,99.89"
OCECA-1-2-1-1A.csv,"Year,Units,Value","2008,%,9.1"
OCECA-1-2-1-2A.csv,"Year,Units,Value","2008,%,6.0"
OCECA-1-2-1-2B.csv,"Year,Units,Value","2008,%,10.3"
OCECA-1-2-2-1A.csv,"Year,Dimensión de la pobreza,Units,Value","2008,Riesgo de pobreza (monetaria),%,9.1"
OCECA-1-a-2-1.csv,"Year,Units,Value","2012,%,26.2"
OCECA-1-a-2-2.csv,"Year,Units,Value","2010,%,32.1"
OCECA-10-2-1-1A.csv,"Year,Units,Value","2010,%,7.8"
OCECA-6-1-1.csv,"Year,Units,Value","2016,%,82.6"
OCECA-8-9-1-3AB4AB.csv,"Year,Series,Units,Value","2016,Pernoctaciones de turistas por habitante,Pernoctaciones por habitante,12.2"
OCECA-8-9-1-3CD.csv,"Year,Series,Units,Value","2016,""Proporción del gasto en viajes culturales sobre el gasto en viajes por ocio, recreo y vacaciones"",%,49.3"
OCECA-9-4-1-5.csv,"Year,Units,Value","2010,Índice,27.77"
OCECA-9-4-1-6.csv,"Year,Units,Value","2010,Índice,-17.17"
