COD_INE;NOMBRE;PROVINCIA;SUPERFICIE;PERIMETRO;LONGITUD_ETRS89_REGCAN95;LATITUD_ETRS89_REGCAN95;ALTITUD;ORIGENALTITUD
1001000101;Alegría-Dulantzi;Araba/Álava;1994.5872;35069;-2.512507724;42.84045247;568;MDT
1002000201;Amurrio;Araba/Álava;9617.86;65701;-3.001015194;43.05265767;217;MDT
1003000601;Aramaio;Araba/Álava;7308.96;42097;-2.564829379;43.05257873;325;MDT
1004000101;Artziniega;Araba/Álava;2728.73;22886;-3.13052099;43.1217919;199;MDT
1006000101;Armiñón;Araba/Álava;1297.27;24707;-2.872270813;42.72340924;466;MDT
1008000501;Arratzua-Ubarrundia;Araba/Álava;5753.18;67180;-2.640208161;42.88990689;514;MDT
1009000401;Asparrena;Araba/Álava;6510.76;53754;-2.317425972;42.88962423;603;MDT
1010002001;Ayala/Aiara;Araba/Álava;14098.25;64488;-3.042683621;43.07792083;311;MDT
1011000101;Baños de Ebro/Mañueta;Araba/Álava;950.39;18666;-2.679560658;42.53023483;428;MDT
1013001401;Barrundia;Araba/Álava;9729.68;57551;-2.496599499;42.91759943;562;MDT
1014000101;Berantevilla;Araba/Álava;3574.75;38696;-2.859369462;42.68269243;470;MDT
1016000301;Bernedo;Araba/Álava;13048.2;85964;-2.498883519;42.62644187;714;MDT
1017000501;Campezo/Kanpezu;Araba/Álava;8536.0875;53461;-2.351267973;42.6700208;567;MDT
1018000901;Zigoitia;Araba/Álava;10201.45;48769;-2.729743759;42.95770957;582;MDT
1019000101;Kripan;Araba/Álava;1256.89;16071;-2.515660773;42.59166499;694;MDT
1020002001;Kuartango;Araba/Álava;8408.7;44209;-2.887492118;42.86990022;553;MDT
1021000401;Elburgo/Burgelu;Araba/Álava;3210.04;58545;-2.545933;42.850282;540;Investigación
1022000101;Elciego;Araba/Álava;1625.58;21854;-2.618158173;42.51517189;458;MDT
1023000101;Elvillar/Bilar;Araba/Álava;1750.2228;21190;-2.54478966;42.5693108;585;MDT
1027000101;Iruraiz-Gauna;Araba/Álava;4712.8628;81139;-2.475996232;42.83131017;627;Investigación
1028000103;Labastida/Bastida;Araba/Álava;3810.73;35903;-2.793199;42.590217;555;Investigación
1030000101;Lagrán;Araba/Álava;4562.02;34064;-2.584350717;42.62612082;753;MDT
1031000202;Laguardia;Araba/Álava;8093.55;84606;-2.585006293;42.5533855;634;MDT
1032000201;Lanciego/Lantziego;Araba/Álava;2425.3;26407;-2.512791745;42.56218527;536;MDT
1033000101;Lapuebla de Labarca;Araba/Álava;605;12528;-2.572925135;42.49365329;430;MDT
1034000101;Leza;Araba/Álava;992.2543;14579;-2.634860283;42.56512037;571;MDT
1036000101;Laudio/Llodio;Araba/Álava;3758.81;27677;-2.962806782;43.14320105;125;MDT
1037001001;Arraia-Maeztu;Araba/Álava;12310.7942;59163;-2.444299;42.738527;649;Investigación
1039000101;Moreda de Álava/Moreda Araba;Araba/Álava;867.1106;12022;-2.408129211;42.5237608;445;MDT
1041000101;Navaridas;Araba/Álava;891.6398;11775;-2.62454944;42.54373653;514;MDT
1042000001;Okondo;Araba/Álava;3009.08;34612;-3.019026823;43.1615513;135;Mapa
1043000301;Oyón-Oion;Araba/Álava;4517.7474;42025;-2.436788;42.506067;435;Investigación
1044000601;Peñacerrada-Urizaharra;Araba/Álava;6215.43;42340;-2.713556409;42.64434353;748;MDT
1046001901;Erriberagoitia/Ribera Alta;Araba/Álava;11982.3;83209;-2.907362586;42.80554817;516;MDT
1047000501;Ribera Baja/Erriberabeitia;Araba/Álava;2531.46;30540;-2.918688966;42.71228518;481;MDT
1049000201;Añana;Araba/Álava;2192.3285;21681;-2.9865226;42.80237115;584;MDT
1051000601;Agurain/Salvatierra;Araba/Álava;3776.9884;37786;-2.389753;42.850452;608;Investigación
1052000101;Samaniego;Araba/Álava;1057.8;16515;-2.679225962;42.56810945;571;MDT
1053001101;San Millán/Donemiliaga;Araba/Álava;8539.21;107247;-2.37748303;42.87257138;587;MDT
1054000701;Urkabustaiz;Araba/Álava;6104.77;38000;-2.900347764;42.95239599;612;MDT
1055003001;Valdegovía/Gaubea;Araba/Álava;23823.44;104568;-3.098138822;42.84824666;553;MDT
1056000101;Harana/Valle de Arana;Araba/Álava;3912.1857;37971;-2.331923488;42.75439749;818;MDT
1057000101;Villabuena de Álava/Eskuernaga;Araba/Álava;847.9289;14014;-2.665446963;42.54890494;480;MDT
1058000601;Legutio;Araba/Álava;4586;37278;-2.642728453;42.97783599;567;MDT
1059006301;Vitoria-Gasteiz;Araba/Álava;27696.48;112028;-2.672340318;42.84682395;526;MDT
1060000101;Yécora/Iekora;Araba/Álava;1880.2483;20919;-2.47025534;42.56924393;692;MDT
1061000101;Zalduondo;Araba/Álava;1188.87;21368;-2.347933788;42.88548624;606;MDT
1062000401;Zambrana;Araba/Álava;3957.05;43901;-2.877876362;42.66100415;460;MDT
1063001101;Zuia;Araba/Álava;12246.02;50714;-2.81995968;42.95630575;616;MDT
1901000201;Iruña Oka/Iruña de Oca;Araba/Álava;5311.28;35133;-2.808334382;42.81803444;487;MDT
1902000401;Lantarón;Araba/Álava;6745.49;63679;-2.96649719;42.71657557;482;MDT
20001000101;Abaltzisketa;Gipuzkoa;1117.859;16155;-2.105565448;43.04782145;370;MDT
20002000101;Aduna;Gipuzkoa;695.1418;15650;-2.050186219;43.20389392;130;MDT
20003000101;Aizarnazabal;Gipuzkoa;654.6339;11752;-2.236536608;43.25565393;58;MDT
20004000101;Albiztur;Gipuzkoa;1301.26;26831;-2.137121106;43.12985312;276;MDT
20005000101;Alegia;Gipuzkoa;768.4321;17557;-2.098267705;43.10026173;96;MDT
20006000101;Alkiza;Gipuzkoa;1192.955;14812;-2.109068155;43.17300613;341;MDT
20007000101;Altzo;Gipuzkoa;977.2981;16094;-2.08347314;43.09982987;215;MDT
20008000101;Amezketa;Gipuzkoa;2057.5505;21177;-2.088261442;43.04884166;182;MDT
20009000101;Andoain;Gipuzkoa;2717.0934;28446;-2.019983382;43.21942466;69;MDT
20010000101;Anoeta;Gipuzkoa;413.1029;10627;-2.071436337;43.16142514;77;MDT
20011000101;Antzuola;Gipuzkoa;2772.7338;23373;-2.381146;43.09868;231.17;Investigación
20012000101;Arama;Gipuzkoa;132.1001;5111;-2.165593292;43.06334607;169;MDT
20013000301;Aretxabaleta;Gipuzkoa;2690.87;29928;-2.504467133;43.03645677;239;MDT
20014000101;Asteasu;Gipuzkoa;1675.8952;23505;-2.09703;43.19336;100;Investigación
20015000300;Ataun;Gipuzkoa;5887.06;43156;-2.17670505;43.00704134;197;Investigación
20016000301;Aia;Gipuzkoa;5526.6787;51664;-2.148064432;43.23641794;302;MDT
20017000201;Azkoitia;Gipuzkoa;5471.2548;34834;-2.312448182;43.17765564;114;MDT
20018000101;Azpeitia;Gipuzkoa;6938.8776;45106;-2.266048114;43.18405309;82;MDT
20019000401;Beasain;Gipuzkoa;2999.125;27645;-2.196047171;43.04729251;152;MDT
20020000101;Beizama;Gipuzkoa;1655.1561;17740;-2.200201532;43.13410158;488;MDT
20021000101;Belauntza;Gipuzkoa;343.03;9967;-2.051200397;43.13479219;201;MDT
20022000101;Berastegi;Gipuzkoa;4590.1663;48232;-1.979383703;43.12404366;406;MDT
20023000101;Berrobi;Gipuzkoa;277.1774;8217;-2.026324848;43.14532524;157;MDT
20024000201;Bidania-Goiatz;Gipuzkoa;1337.4189;23725;-2.159960416;43.13959196;488;MDT
20025000301;Zegama;Gipuzkoa;3507.4087;23474;-2.290043573;42.9756135;297;MDT
20026000101;Zerain;Gipuzkoa;1036.7094;14753;-2.271478995;43.01196603;307;MDT
20027000401;Zestoa;Gipuzkoa;4369.0458;44149;-2.258746643;43.23995703;70;MDT
20028000101;Zizurkil;Gipuzkoa;1561.1753;25745;-2.073789451;43.19800171;115;MDT
20029000101;Deba;Gipuzkoa;5032.2469;36049;-2.354368981;43.29419262;5;MDT
20030000301;Eibar;Gipuzkoa;2477.5979;22103;-2.473421137;43.18454025;119;MDT
20031000101;Elduain;Gipuzkoa;2506.5164;31845;-2.00012745;43.1408339;259;MDT
20032000201;Elgoibar;Gipuzkoa;3911.338;28024;-2.417155567;43.21431234;43;MDT
20033000101;Elgeta;Gipuzkoa;1683.1875;17530;-2.487368193;43.13693084;466;MDT
20034000301;Eskoriatza;Gipuzkoa;4024.65;34285;-2.526687122;43.01724029;283;MDT
20035000601;Ezkio-Itsaso;Gipuzkoa;2122.1797;22181;-2.285543775;43.0692074;240;Enestudio
20036000401;Hondarribia;Gipuzkoa;2980.34;32318;-1.791531525;43.36242082;14;MDT
20037000100;Gaintza;Gipuzkoa;595.9222;10288;-2.13323065;43.0535012;444;Investigación
20038000301;Gabiria;Gipuzkoa;1487.5424;16987;-2.280071394;43.0496357;418;MDT
20039000301;Getaria;Gipuzkoa;1062.6225;17798;-2.20441063;43.3031981;27;MDT
20040000502;Hernani;Gipuzkoa;3980.8211;45778;-1.975939165;43.26507469;39;MDT
20041000101;Hernialde;Gipuzkoa;417.0257;10003;-2.084795697;43.15477621;288;MDT
20042000101;Ibarra;Gipuzkoa;504.39;17855;-2.062338214;43.13139992;86;MDT
20043000101;Idiazabal;Gipuzkoa;2946.7522;28392;-2.233934898;43.01296826;211;MDT
20044000201;Ikaztegieta;Gipuzkoa;200.1612;7540;-2.124004281;43.09542849;112;MDT
20045000201;Irun;Gipuzkoa;4177.42;30538;-1.788803185;43.33771112;15;MDT
20046000101;Irura;Gipuzkoa;298.9889;7584;-2.067534079;43.16748404;73;MDT
20047000201;Itsasondo;Gipuzkoa;893.9279;14767;-2.165326453;43.06746739;132;MDT
20048000101;Larraul;Gipuzkoa;590.017;12722;-2.101936347;43.18756732;236;MDT
20049000101;Lazkao;Gipuzkoa;1138.644;30966;-2.18693873;43.03449767;163;MDT
20050000301;Leaburu;Gipuzkoa;349.6;11089;-2.051860293;43.1246664;295;MDT
20051000201;Legazpi;Gipuzkoa;4184.2276;36068;-2.333822194;43.05037873;403;MDT
20052000101;Legorreta;Gipuzkoa;862.2011;15448;-2.148968633;43.08518399;118;MDT
20053000101;Lezo;Gipuzkoa;859.2035;14277;-1.898861;43.320975;19.54;Investigación
20054000101;Lizartza;Gipuzkoa;1233.176;25461;-2.033632797;43.10312047;132;MDT
20055000401;Arrasate/Mondragón;Gipuzkoa;3298.36;28581;-2.489835896;43.06583062;213;MDT
20056000301;Mutriku;Gipuzkoa;2769.1984;27709;-2.3870917;43.30725378;35;MDT
20057000101;Mutiloa;Gipuzkoa;861.492;14134;-2.272869317;43.02245359;243;MDT
20058000101;Olaberria;Gipuzkoa;692.01;12030;-2.20310551;43.02744135;320;MDT
20059001001;Oñati;Gipuzkoa;10737.08;49656;-2.413162464;43.03260417;237;MDT
20060000100;Orexa;Gipuzkoa;584.6314;14959;-2.01157856;43.09394897;417;Investigación
20061000101;Orio;Gipuzkoa;980.8059;16014;-2.126784831;43.275919;3;MDT
20062000101;Ormaiztegi;Gipuzkoa;676.8572;11775;-2.255123652;43.042894;196;MDT
20063000401;Oiartzun;Gipuzkoa;5949.39;46503;-1.860292156;43.29917099;80;Investigación
20064000301;Pasaia;Gipuzkoa;1133.7639;23646;-1.917519393;43.32458377;10;Enestudio
20065000101;Soraluze-Placencia de las Armas;Gipuzkoa;1421.7775;16635;-2.413056312;43.1742301;112;MDT
20066000501;Errezil;Gipuzkoa;3246;29446;-2.173955882;43.16504802;304;MDT
20067000101;Errenteria;Gipuzkoa;3225.9143;50342;-1.898768;43.312687;6;Investigación
20068000101;Leintz-Gatzaga;Gipuzkoa;1482.4;17138;-2.567879204;42.98690974;449;MDT
20069000501;Donostia/San Sebastián;Gipuzkoa;6088.9045;82613;-1.985720943;43.32152279;6;MDT
20070000101;Segura;Gipuzkoa;921.8578;16306;-2.252309725;43.00866649;243;MDT
20071000801;Tolosa;Gipuzkoa;3739.36;61824;-2.071922439;43.13809461;75;MDT
20072000301;Urnieta;Gipuzkoa;2240.0004;25576;-1.990261;43.247761;54.27;Investigación
20073000501;Usurbil;Gipuzkoa;2564.135;28172;-2.051156114;43.27086094;29;MDT
20074000701;Bergara;Gipuzkoa;7594.8;47966;-2.413071;43.117483;153.13;Investigación
20075000201;Villabona;Gipuzkoa;1773.8836;20440;-2.053763355;43.18776089;55;MDT
20076000101;Ordizia;Gipuzkoa;565.707;14696;-2.179236069;43.0536888;157;MDT
20077000101;Urretxu;Gipuzkoa;771.1878;26093;-2.31372534;43.0931393;351;MDT
20078000101;Zaldibia;Gipuzkoa;1644.0713;31667;-2.15093579;43.03828023;167;MDT
20079000401;Zarautz;Gipuzkoa;1435.2811;31021;-2.175087538;43.28539911;5;MDT
20080000101;Zumarraga;Gipuzkoa;1841.9976;23758;-2.314621;43.090477;348;Investigación
20081000301;Zumaia;Gipuzkoa;1127.6564;21655;-2.25839393;43.29688861;15;MDT
20901000201;Mendaro;Gipuzkoa;2539.0525;25857;-2.38288684;43.25116292;15;MDT
20902000101;Lasarte-Oria;Gipuzkoa;600.5574;12186;-2.020358106;43.26837602;19;MDT
20903000101;Astigarraga;Gipuzkoa;1190.6552;17957;-1.94921562;43.27998379;29;MDT
20904000101;Baliarrain;Gipuzkoa;269.8774;6888;-2.127795698;43.06919033;293;MDT
20905000101;Orendain;Gipuzkoa;633.6279;10745;-2.114320135;43.07957314;393;MDT
20906000101;Altzaga;Gipuzkoa;252.4689;8136;-2.153831702;43.06458875;287;MDT
20907000201;Gaztelu;Gipuzkoa;915.3188;26840;-2.021927573;43.11668029;450;MDT
48001000101;Abadiño;Bizkaia;3604.53;39875;-2.608188356;43.15249944;131;MDT
48002010601;Abanto y Ciérvana-Abanto Zierbena;Bizkaia;1619.6;17736;-3.073873;43.320733;125;Investigación
48003000201;Amorebieta-Etxano;Bizkaia;5884.48;45315;-2.732117842;43.22030132;70;MDT
48004000101;Amoroto;Bizkaia;1306.9;18501;-2.513444502;43.3259493;184;MDT
48005000101;Arakaldo;Bizkaia;272.03;7359;-2.933966675;43.15344295;148;MDT
48006000101;Arantzazu;Bizkaia;354.43;10744;-2.791588618;43.15678293;101;Investigación
48007000101;Munitibar-Arbatzegi Gerrikaitz;Bizkaia;2431.22;22101;-2.592693218;43.26531451;189;MDT
48008000201;Artzentales;Bizkaia;3679.36;31070;-3.221602158;43.25134763;347;MDT
48009010101;Arrankudiaga-Zollo;Bizkaia;2269.59;29443;-2.921585106;43.16850927;113;MDT
48010000301;Arrieta;Bizkaia;1461.81;18656;-2.768979976;43.34192473;204;MDT
48011000201;Arrigorriaga;Bizkaia;1624.98;33894;-2.887720789;43.20591294;54;MDT
48012000201;Bakio;Bizkaia;1658.95;22248;-2.81421046;43.42139025;6;MDT
48013000401;Barakaldo;Bizkaia;2498.56;25094;-2.986094489;43.29758738;25;MDT
48014000100;Barrika;Bizkaia;774.29;14238;-2.96543853;43.40778602;70;Investigación
48015000101;Basauri;Bizkaia;701.15;12705;-2.891714791;43.23535181;87;MDT
48016000201;Berango;Bizkaia;873.48;14973;-2.996920082;43.36358715;33;MDT
48017000601;Bermeo;Bizkaia;3380.79;36170;-2.723067524;43.42023707;16;MDT
48018000401;Berriatua;Bizkaia;1920.2;34512;-2.467512056;43.30824813;26;MDT
48019000201;Berriz;Bizkaia;2976.95;31264;-2.577650278;43.17480247;192;MDT
48020000101;Bilbao;Bizkaia;4134.26;34796;-2.923458983;43.26421868;7;MDT
48021000201;Busturia;Bizkaia;2022.35;25280;-2.70061291;43.38229808;18;MDT
48022000902;Karrantza Harana/Valle de Carranza;Bizkaia;13782.43;54608;-3.360788599;43.22503682;157;MDT
48023000301;Artea;Bizkaia;1234.61;17238;-2.782605124;43.13262828;121;MDT
48024000401;Zeanuri;Bizkaia;6722.24;38356;-2.749646;43.098176;403;Investigación
48025001001;Zeberio;Bizkaia;4767.62;33918;-2.84887333;43.14736445;122;MDT
48026000801;Dima;Bizkaia;6240.84;45799;-2.751896168;43.14332572;114;MDT
48027000101;Durango;Bizkaia;1072.55;22438;-2.632027492;43.16712804;119;MDT
48028000201;Ea;Bizkaia;1423.74;20058;-2.585817881;43.3801423;5;MDT
48029000201;Etxebarri;Bizkaia;327.23;9556;-2.892285335;43.24621759;30;MDT
48030000401;Etxebarria;Bizkaia;1783.7045;42206;-2.476585648;43.25451787;105;MDT
48031000101;Elantxobe;Bizkaia;180.13;6484;-2.639734222;43.40326561;57;MDT
48032000301;Elorrio;Bizkaia;3700.86;28651;-2.542298123;43.13063943;180;MDT
48033000301;Ereño;Bizkaia;1052.37;15816;-2.623066408;43.35571506;274;MDT
48034000101;Ermua;Bizkaia;646.97;10949;-2.502261431;43.18586778;165;MDT
48035000101;Fruiz;Bizkaia;562.45;13340;-2.784995817;43.32777626;50;MDT
48036000301;Galdakao;Bizkaia;2416.38;28683;-2.84005;43.231094;55;Investigación
48037000501;Galdames;Bizkaia;4441.33;32589;-3.097991324;43.25396841;161;MDT
48038000201;Gamiz-Fika;Bizkaia;1529.87;23559;-2.81908692;43.32704907;55;MDT
48039000101;Garai;Bizkaia;714.94;11855;-2.611393927;43.19387466;291;MDT
48040000900;Gatika;Bizkaia;1728.68;23572;-2.87388373;43.36307977;80;Investigación
48041000301;Gautegiz Arteaga;Bizkaia;1354.41;22136;-2.64924081;43.35315359;50;MDT
48042000601;Gordexola;Bizkaia;4130.01;31983;-3.073783288;43.17984005;77;MDT
48043000301;Gorliz;Bizkaia;1022.83;19463;-2.932652026;43.41541132;45;MDT
48044000101;Getxo;Bizkaia;1187.27;31734;-3.007659918;43.34324135;51;MDT
48045000101;Güeñes;Bizkaia;4147.67;42941;-3.095162482;43.21044669;75;MDT
48046050301;Gernika-Lumo;Bizkaia;853.18;14658;-2.678634528;43.31540848;6;MDT
48047000101;Gizaburuaga;Bizkaia;608.99;15363;-2.538043454;43.33071518;33;MDT
48048000201;Ibarrangelu;Bizkaia;1549.18;24644;-2.63176417;43.39042288;101;MDT
48049000401;Ispaster;Bizkaia;2298.49;24096;-2.544622186;43.36203249;113;MDT
48050000100;Izurtza;Bizkaia;436.55;14499;-2.64103511;43.15362717;146;Investigación
48051000101;Lanestosa;Bizkaia;114.372;9637;-3.438704802;43.22012758;283;MDT
48052000301;Larrabetzu;Bizkaia;2154.36;25969;-2.796140206;43.26082615;77;MDT
48053000501;Laukiz;Bizkaia;810.95;15543;-2.907287058;43.35247443;51;MDT
48054000202;Leioa;Bizkaia;838.63;12114;-2.986320088;43.32780985;23;MDT
48055000600;Lemoa;Bizkaia;1541.53;18620;-2.77336594;43.20534458;70;Investigación
48056000401;Lemoiz;Bizkaia;1891.01;29016;-2.902670841;43.41218006;94;MDT
48057000101;Lekeitio;Bizkaia;179.33;11073;-2.503136185;43.36393438;6;MDT
48058000601;Mallabia;Bizkaia;2311.31;20406;-2.529113;43.189861;334;Investigación
48059000101;Mañaria;Bizkaia;1758.81;18662;-2.660874198;43.13786573;192;MDT
48060010501;Markina-Xemein;Bizkaia;4532.42;71464;-2.498451062;43.26742761;85;MDT
48061000201;Maruri-Jatabe;Bizkaia;1595.73;17702;-2.86732;43.379455;15;Investigación
48062000201;Mendata;Bizkaia;2242.85;28672;-2.644122223;43.28157395;245;MDT
48063000100;Mendexa;Bizkaia;693.46;13199;-2.48531404;43.34546863;170;Investigación
48064000201;Meñaka;Bizkaia;1248.61;25276;-2.802741778;43.36312688;90;MDT
48065000301;Ugao-Miraballes;Bizkaia;525.73;21302;-2.901332369;43.18019382;65;MDT
48066000101;Morga;Bizkaia;1446.81;19037;-2.752904971;43.29955516;212;MDT
48067000401;Muxika;Bizkaia;4987.49;42930;-2.70863796;43.29246343;29;MDT
48068000201;Mundaka;Bizkaia;407.71;13471;-2.698098724;43.40755996;9;MDT
48069010301;Mungia;Bizkaia;4445.88;49259;-2.8465613;43.35466513;34;MDT
48070000101;Aulesti;Bizkaia;2555.77;24926;-2.562473554;43.29725652;89;MDT
48071000401;Muskiz;Bizkaia;2100.98;21313;-3.124962297;43.32329118;35;Investigación
48072000301;Otxandio;Bizkaia;1239.03;18005;-2.654742623;43.04041243;559;MDT
48073000101;Ondarroa;Bizkaia;429.53;20125;-2.420383814;43.32075337;3;MDT
48074000501;Urduña/Orduña;Bizkaia;3339.8;37066;-3.009125378;42.99499087;285;MDT
48075000801;Orozko;Bizkaia;10227.08;46945;-2.910947897;43.10706529;159;MDT
48076000201;Sukarrieta;Bizkaia;190.66;7865;-2.696534187;43.39527083;31;MDT
48077000301;Plentzia;Bizkaia;590.65;21745;-2.950272737;43.40444194;3;MDT
48078000101;Portugalete;Bizkaia;313.52;8565;-3.017224834;43.32126727;7;MDT
48079000401;Errigoiti;Bizkaia;1652.35;22267;-2.725474839;43.31880495;242;MDT
48080000801;Valle de Trápaga-Trapagaran;Bizkaia;1286.35;15791;-3.038100621;43.30538635;35;MDT
48081000301;Lezama;Bizkaia;1629.32;18517;-2.832914035;43.27419335;60;MDT
48082000201;Santurtzi;Bizkaia;886.51;21152;-3.032998332;43.32880226;6;MDT
48083000401;Ortuella;Bizkaia;795.98;15989;-3.057723123;43.31052531;61;MDT
48084000101;Sestao;Bizkaia;357.85;8678;-3.007626505;43.30970998;62;MDT
48085000101;Sopela;Bizkaia;842.58;14077;-2.981071472;43.38165317;60;Investigación
48086000801;Sopuerta;Bizkaia;4255.88;32276;-3.154205458;43.26156447;88;MDT
48087000401;Trucios-Turtzioz;Bizkaia;2599.43;29244;-3.256195582;43.27144797;148;MDT
48088000101;Ubide;Bizkaia;280.58;7892;-2.688341729;43.02351935;565;MDT
48089000101;Urduliz;Bizkaia;781.35;16595;-2.96104831;43.37652202;76;MDT
48090000101;Balmaseda;Bizkaia;2237.36;21836;-3.193092231;43.19632405;148;MDT
48091000101;Atxondo;Bizkaia;2336.89;24500;-2.584817309;43.12924263;166;MDT
48092000401;Bedia;Bizkaia;1640.07;21629;-2.79993623;43.20954265;68;MDT
48093000301;Areatza;Bizkaia;911.65;17798;-2.767812519;43.12075558;130;MDT
48094000201;Igorre;Bizkaia;1708.78;20017;-2.778504958;43.16440172;92;MDT
48095000401;Zaldibar;Bizkaia;1165.2;18383;-2.545593932;43.17089182;195;MDT
48096000301;Zalla;Bizkaia;3107.78;24043;-3.134160549;43.2135463;91;MDT
48097000502;Zaratamo;Bizkaia;1018.13;13352;-2.873874092;43.21128841;167;MDT
48901000101;Derio;Bizkaia;1015.25;23568;-2.886808525;43.29135327;29;MDT
48902000101;Erandio;Bizkaia;1817.01;26261;-2.975457687;43.30288679;3;Investigación
48903000401;Loiu;Bizkaia;1502.14;27741;-2.939338248;43.31484869;28;MDT
48904000101;Sondika;Bizkaia;684.6;17386;-2.931302635;43.29512959;34;MDT
48905000401;Zamudio;Bizkaia;1816.69;33158;-2.86537477;43.2845748;52;MDT
48906000201;Forua;Bizkaia;763.23;14358;-2.675137683;43.33445442;27;MDT
48907000300;Kortezubi;Bizkaia;1186.1;18812;-2.65546176;43.34105939;13;Investigación
48908000001;Murueta;Bizkaia;562.99;13501;-2.68171532;43.35143893;32;MDT
48909000101;Nabarniz;Bizkaia;1175.95;14624;-2.584418812;43.32109353;364;MDT
48910030601;Iurreta;Bizkaia;1886.36;23844;-2.6334794;43.17644021;112;Enestudio
48911000200;Ajangiz;Bizkaia;712.89;14541;-2.66182394;43.30945713;60;Investigación
48912000101;Alonsotegi;Bizkaia;2021.76;21775;-2.987712782;43.24508476;20;MDT
48913000201;Zierbena;Bizkaia;1215.42;29406;-3.088902739;43.34589986;102;MDT
48914000501;Arratzu;Bizkaia;1005.85;17253;-2.64028393;43.30557621;48;MDT
48915000201;Ziortza-Bolibar;Bizkaia;1885.5;19477;-2.548432148;43.2494231;168;MDT
48916000101;Usansolo;Bizkaia;728.11;22280;-2.819576;43.219704;53;Investigación
