"Personal, gasto y financiación de los servicios sociales de la C.A. de Euskadi por personal, gasto y financiación, territorio histórico y periodo"

"personal, gasto y financiación","territorio histórico","1988","1989","1990","1991","1992","1993","1994","1995","1996","1997","1998","1999","2000","2001","2002","2003","2004","2005","2006","2007","2008","2009","2010","2011","2012","2014","2015","2016","2017","2018","2019","2020","2021","2022","2023"
"Total personal","C.A. de Euskadi",11349,13527,14726,17091,19155,19800,23066,22714,23856,22971,26218,27526,28437,29258,30621,32657,36221,40616,41640,42965,43641,46307,47255,47172,48071,48227,49935,51405,53507,56870,56811,62568,58036,53580,55757
"Total personal","Araba/Álava",2427,2586,2664,3367,4175,3999,5087,4934,6023,4887,5548,6016,5635,5568,5621,5968,6705,6875,6902,6743,7157,7576,8070,8408,8118,7842,8287,8460,9588,10005,10683,10298,10005,8183,8569
"Total personal","Bizkaia",4757,6779,7357,8834,9032,9476,10454,11096,10844,10459,12604,12992,14374,14977,15620,16407,17398,18909,19702,20080,20273,21119,21685,21217,22827,24989,25514,26218,25277,26753,25684,28842,28016,26598,27446
"Total personal","Gipuzkoa",4165,4162,4705,4890,5948,6325,7525,6684,6989,7625,8066,8518,8428,8713,9380,10282,12118,14832,15036,16142,16211,17612,17500,17547,17126,15396,16134,16727,18642,20112,20444,23428,20015,18799,19742
"-Personal propio","C.A. de Euskadi",6506,7792,8262,9588,10477,11025,11645,11202,12073,12195,13004,14132,14995,15804,16797,18855,20613,21941,22985,24203,24683,25890,26220,26961,26368,28472,29474,30703,32459,33588,34459,35036,35051,36531,36947
"-Personal propio","Araba/Álava",1342,1456,1496,1576,2020,2105,2302,2274,2385,2353,2584,2723,2710,2605,2894,3250,3522,3575,3638,3822,3963,4068,4200,4269,4078,4160,4416,4666,5145,5357,5598,5684,5617,5894,5784
"-Personal propio","Bizkaia",3012,3698,3894,4802,4790,4893,4933,4819,5295,5227,5607,6175,6649,7313,7764,8679,9606,10514,11169,12029,12498,13109,13155,13718,13156,14228,14737,15113,15387,16036,16071,16529,16756,17541,17825
"-Personal propio","Gipuzkoa",2152,2638,2872,3210,3667,4027,4410,4109,4393,4615,4813,5234,5636,5886,6139,6926,7485,7852,8178,8352,8222,8713,8865,8974,9134,10084,10321,10924,11927,12195,12790,12823,12678,13096,13338
"-Personal voluntario","C.A. de Euskadi",4843,5735,6464,7503,8678,8775,11421,11512,11783,10776,13214,13394,13442,13454,13824,13802,15608,18675,18655,18762,18958,20417,21035,20211,21703,19755,20461,20702,21048,23282,22352,27532,22985,17049,18810
"-Personal voluntario","Araba/Álava",1085,1130,1168,1791,2155,1894,2785,2660,3638,2534,2964,3293,2925,2963,2727,2718,3183,3300,3264,2921,3194,3508,3870,4139,4040,3682,3871,3794,4443,4648,5085,4614,4388,2289,2785
"-Personal voluntario","Bizkaia",1745,3081,3463,4032,4242,4583,5521,6277,5549,5232,6997,6817,7725,7664,7856,7728,7792,8395,8533,8051,7775,8010,8530,7499,9671,10761,10777,11105,9890,10717,9613,12313,11260,9057,9621
"-Personal voluntario","Gipuzkoa",2013,1524,1833,1680,2281,2298,3115,2575,2596,3010,3253,3284,2792,2827,3241,3356,4633,6980,6858,7790,7989,8899,8635,8573,7992,5312,5813,5803,6715,7917,7654,10605,7337,5703,6404
"Gasto total (miles de Euros)","C.A. de Euskadi",167905,234535,291328,346726,382360,435091,462793,470459,495623,514131,562669,620565,688720,789051,915747,1073054,1196320,1297642,1457289,1622565,1861067,2122914,2176240,2307556,2290590,2429325,2499300,2609249,2751101,2815136,2842232,2865839,3023687,3224773,3816985
"Gasto total (miles de Euros)","Araba/Álava",35401,46981,56585,63280,67565,81329,89883,90206,92341,94313,103324,111521,120434,135447,161520,189821,205366,212865,236603,266591,312087,332436,339805,352541,368622,375362,391875,416842,422878,444090,451140,461557,490803,520798,611346
"Gasto total (miles de Euros)","Bizkaia",75380,118854,149172,176773,192623,218707,227456,230569,239933,249495,280681,296347,331059,398537,460682,545494,614863,677656,763614,847797,975562,1133224,1157137,1257389,1198477,1217794,1233941,1264208,1289508,1372850,1377909,1435571,1506038,1621757,1873133
"Gasto total (miles de Euros)","Gipuzkoa",57124,68700,85572,106674,122172,135055,145454,149684,163348,170323,178665,212698,237227,255067,293546,337740,376091,407121,457072,508177,573418,657253,679297,697626,723491,836170,873484,928199,1038715,998197,1013183,968711,1026847,1082218,1332506
"-Gasto corriente","C.A. de Euskadi",157610,160752,198895,241734,273445,314870,335833,339092,361462,380804,411271,460888,514221,587307,671719,786287,876216,959083,1082718,1212025,1342916,1427917,1463885,1594754,1538675,1643602,1666328,1781544,1916835,2002079,2058128,2047443,2179662,2294773,2599575
"-Gasto corriente","Araba/Álava",34780,35655,42045,48807,55901,68290,75351,73061,75379,78084,83995,95496,101453,114044,132853,153423,166793,176388,195239,212185,233297,241186,241182,246111,244953,252504,264443,284140,294469,311917,330076,335299,359452,371577,412903
"-Gasto corriente","Bizkaia",68783,79366,99118,120919,135421,150290,153781,154260,161419,170288,185955,205517,230984,270692,311859,369270,414494,462720,527494,596723,667703,712659,725073,828944,766181,777652,780262,816758,837749,922622,938459,978321,1047810,1112837,1250149
"-Gasto corriente","Gipuzkoa",54046,45731,57732,72008,82123,96289,106701,111772,124665,132432,141320,159876,181784,202571,227007,263594,294929,319975,359986,403118,441917,474072,497630,519699,527540,613447,621623,680647,784617,767541,789593,733823,772401,810359,936523
"-Transferencias a familias","C.A. de Euskadi",:,62818,76275,84770,90781,105867,111378,116644,120695,119663,129800,125261,142079,164562,202511,232086,270046,274566,308074,332250,425215,576342,628214,655364,692664,756929,792186,801040,791438,761000,741805,787828,786598,876337,1063111
"-Transferencias a familias","Araba/Álava",:,11240,13673,12595,10275,10555,12121,13938,13599,13498,14124,13126,15526,18713,25152,31589,35245,33347,37363,44241,67783,85587,94088,99819,107349,120055,126011,129574,123139,119634,114100,124221,129628,144158,180693
"-Transferencias a familias","Bizkaia",:,33941,41868,47896,50290,63561,66461,71780,74379,73907,84466,79966,87454,104663,127189,146557,171853,182927,206201,220015,265265,364261,388091,396290,408119,424914,439953,433544,439522,427982,416548,439394,435229,482422,575970
"-Transferencias a familias","Gipuzkoa",:,17637,20735,24280,30216,31751,32796,30925,32717,32258,31210,32169,39099,41186,50171,53940,62949,58293,64510,67994,92166,126494,146035,159254,177196,211961,226223,237921,228777,213385,211157,224213,221741,249757,306449
"-Gasto de capital","C.A. de Euskadi",10295,10965,16159,20223,18135,14355,15581,14723,13466,13665,21598,34416,32420,37181,41517,54681,50057,63993,66496,78289,92936,118654,84140,57439,59251,28794,40786,26665,42827,52057,42299,30567,57426,53664,154300
"-Gasto de capital","Araba/Álava",620,86,867,1878,1389,2484,2411,3207,3363,2731,5204,2899,3455,2690,3515,4808,3329,3130,4001,10165,11007,5662,4535,6611,16320,2804,1421,3128,5270,12539,6964,2037,1723,5063,17751
"-Gasto de capital","Bizkaia",6597,5547,8186,7958,6912,4855,7214,4529,4136,5300,10260,10864,12621,23182,21634,29667,28516,32009,29919,31060,42593,56305,43973,32155,24177,15228,13727,13906,12237,22246,22903,17856,22999,26498,47014
"-Gasto de capital","Gipuzkoa",3078,5332,7106,10386,9834,7015,5957,6988,5967,5634,6134,20653,16344,11309,16368,20206,18213,28853,32575,37065,39335,56687,35632,18673,18755,10762,25638,9631,25321,17271,12432,10674,32705,22103,89534
"Financiación (miles de Euros)","C.A. de Euskadi",167905,234535,291328,346726,382360,435091,462793,470459,495623,514131,562669,620565,688720,789051,915747,1073054,1196320,1297642,1457289,1622565,1861067,2122914,2176240,2307556,2290590,2429325,2499300,2609249,2751101,2815136,2842232,2865839,3023573,3224818,3816985
"Financiación (miles de Euros)","Araba/Álava",35401,46981,56585,63280,67565,81329,89883,90206,92341,94313,103324,111521,120434,135447,161520,189821,205366,212865,236603,266591,312087,332436,339805,352541,368622,375362,391875,416842,422878,444090,451140,461557,490803,520798,611346
"Financiación (miles de Euros)","Bizkaia",75380,118854,149172,176773,192623,218707,227456,230569,239933,249495,280681,296347,331059,398537,460682,545494,614863,677656,763614,847797,975562,1133224,1157137,1257389,1198477,1217794,1233941,1264208,1289508,1372850,1377909,1435571,1506028,1621801,1873133
"Financiación (miles de Euros)","Gipuzkoa",57124,68700,85572,106674,122172,135055,145454,149684,163348,170323,178665,212698,237227,255067,293546,337740,376091,407121,457072,508177,573418,657253,679297,697626,723491,836170,873484,928199,1038715,998197,1013183,968711,1026742,1082218,1332506
"-Pública","C.A. de Euskadi",109137,167157,213393,251488,276927,316665,326807,339251,353912,365226,393859,420475,477444,553892,642289,741894,837714,903157,1035909,1142199,1346932,1591367,1633484,1680237,1693858,1788255,1809506,1873266,1919832,1940520,1984499,2098105,2204159,2325089,2724785
"-Pública","Araba/Álava",28177,34546,43211,52919,54391,66491,70941,72458,74546,78232,84175,88635,96394,108907,129160,146239,156912,161865,182443,207192,252846,273775,281268,289135,293951,304192,314387,332989,331567,340488,345813,363607,391921,407805,476700
"-Pública","Bizkaia",39712,82819,107307,121300,135454,153728,155149,165754,173304,176472,196891,201257,232875,285732,328856,384180,443403,479719,552241,603928,698765,844142,865667,902176,884013,911519,925366,948407,955267,998195,1005302,1082525,1118516,1170999,1374763
"-Pública","Gipuzkoa",41248,49792,62876,77269,87081,96446,100717,101038,106062,110522,112793,130584,148175,159253,184273,211476,237400,261573,301226,331080,395321,473450,486549,488926,515894,572544,569754,591871,632998,601838,633384,651972,693722,746285,873322
"-Privada","C.A. de Euskadi",58768,67378,77935,95238,105434,118426,135986,131208,141711,148905,168811,200090,211275,235159,273458,331160,358606,394485,421380,480366,514135,531547,542756,627319,596732,641071,689794,735983,831269,874616,857733,767734,819414,899729,1092200
"-Privada","Araba/Álava",7224,12435,13374,10360,13174,14838,18942,17748,17796,16080,19149,22886,24040,26540,32360,43582,48455,51000,54161,59399,59242,58661,58538,63406,74671,71170,77488,83853,91311,103602,105326,97950,98881,112993,134646
"-Privada","Bizkaia",35668,36035,41865,55472,57169,64978,72307,64814,66629,73024,83790,95090,98184,112805,131825,161314,171460,197938,211373,243869,276797,289083,291470,355213,314464,306275,308576,315801,334240,374655,372607,353046,387511,450803,498370
"-Privada","Gipuzkoa",15877,18907,22696,29405,35091,38610,44736,48646,57287,59801,65872,82114,89051,95814,109273,126264,138691,145548,155846,177097,178097,183803,192748,208700,207597,263626,303730,336328,405718,396359,379799,316739,333021,335933,459184
"Gasto/Habitante (Euros)","C.A. de Euskadi",79.1,110.9,138.4,164.8,181.7,206.9,220.2,224.1,236.8,246.2,270.1,298.5,331.2,378.3,437.7,506.1,562.0,606.1,684.4,755.5,860.4,978.7,1001.0,1061.4,1050.0,1118.0,1150.0,1201.4,1264.4,1291.1,1299.0,1302.8,1378.7,1474.8,1737.6
"Gasto/Habitante (Euros)","Araba/Álava",130.4,172.7,207.7,230.7,244.6,292.4,321.3,320.7,326.5,332.6,364.5,393.5,423.2,471.5,556.6,641.8,686.6,705.2,773.7,860.6,995.3,1048.6,1066.1,1106.1,1145.3,1172.9,1217.8,1293.2,1306.8,1364.3,1375.6,1397.8,1486.4,1574.9,1836.7
"Gasto/Habitante (Euros)","Bizkaia",64.5,102.2,129.0,153.2,167.3,190.5,198.6,202.0,211.2,220.5,249.1,263.8,295.0,354.3,408.6,478.9,538.2,590.6,671.7,740.8,847.5,984.0,1004.1,1091.1,1038.4,1064.3,1081.0,1110.1,1131.7,1203.6,1205.7,1249.4,1316.3,1423.6,1637.3
"Gasto/Habitante (Euros)","Gipuzkoa",83.6,101.0,126.5,157.7,180.6,199.6,215.0,221.3,242.3,252.8,265.6,316.3,352.8,378.6,435.4,492.6,547.3,588.7,665.6,732.7,821.2,938.5,966.4,992.5,1025.4,1180.0,1230.3,1306.0,1457.2,1397.5,1412.7,1344.6,1428.4,1510.2,1851.0
"Gasto/ P.I.B.","C.A. de Euskadi",1.0,1.3,1.4,1.6,1.6,1.8,1.8,1.6,1.6,1.6,1.6,1.6,1.6,1.8,2.0,2.2,2.2,2.3,2.4,2.4,2.7,3.3,3.3,3.5,3.5,3.6,3.6,3.7,3.7,3.7,3.6,4.0,3.9,3.7,4.1
"Gasto/ P.I.B.","Araba/Álava",1.4,1.6,1.8,1.8,1.9,2.2,2.2,2.0,1.9,1.7,1.7,1.7,1.7,1.9,2.1,2.3,2.3,2.2,2.3,2.4,2.8,3.2,3.1,3.4,3.5,3.4,3.5,3.6,3.5,3.6,3.6,4.1,4.0,3.8,4.1
"Gasto/ P.I.B.","Bizkaia",0.9,1.2,1.4,1.6,1.6,1.8,1.7,1.6,1.5,1.5,1.6,1.5,1.6,1.8,2.0,2.2,2.3,2.3,2.4,2.5,2.8,3.4,3.5,3.7,3.6,3.6,3.5,3.5,3.4,3.5,3.4,3.9,3.8,3.7,4.0
"Gasto/ P.I.B.","Gipuzkoa",1.0,1.1,1.3,1.5,1.6,1.7,1.7,1.6,1.6,1.6,1.5,1.7,1.7,1.7,1.9,2.1,2.2,2.2,2.3,2.3,2.5,3.1,3.2,3.2,3.4,3.8,3.8,4.0,4.2,3.9,3.8,4.0,3.9,3.8,4.3
