"Centros de la C.A. de Euskadi por tipo de población, tipo de centro, territorio histórico, titularidad y periodo"

"tipo de población","tipo de centro","territorio histórico","titularidad","1994","1995","1996","1997","1998","1999","2000","2001","2002","2003","2004","2005","2006","2007","2008","2009","2010","2011","2012","2013","2014","2015","2016","2017","2018","2019","2020","2021","2022","2023"
"Total","Total","C.A. de Euskadi","Total",1623,1617,1696,1782,1924,2019,2112,2215,2305,2388,2512,2544,2632,2783,2944,3088,3101,2970,3201,3186,3177,3233,3444,3497,3577,3569,3544,3593,3608,3736
"Total","Total","C.A. de Euskadi","Público",579,596,664,754,817,854,889,920,941,952,987,1003,1016,1103,1157,1208,1211,1188,1264,1304,1308,1314,1423,1399,1408,1449,1415,1386,1394,1473
"Total","Total","C.A. de Euskadi","Privado",1044,1021,1032,1028,1107,1165,1223,1295,1364,1436,1525,1541,1616,1680,1787,1880,1890,1782,1937,1882,1869,1919,2021,2098,2169,2120,2129,2207,2214,2263
"Total","Total","Araba/Álava","Total",346,339,342,351,409,426,441,448,467,476,501,502,523,535,555,570,568,559,594,607,618,624,643,655,679,671,631,656,679,717
"Total","Total","Araba/Álava","Público",178,171,174,192,221,231,245,252,256,259,271,273,275,281,294,296,293,296,324,352,357,357,365,344,348,341,328,340,351,376
"Total","Total","Araba/Álava","Privado",168,168,168,159,188,195,196,196,211,217,230,229,248,254,261,274,275,263,270,255,261,267,278,311,331,330,303,316,328,341
"Total","Total","Bizkaia","Total",775,757,835,863,915,952,1011,1071,1134,1180,1242,1260,1293,1379,1478,1559,1560,1475,1604,1554,1535,1582,1717,1758,1763,1752,1780,1784,1762,1791
"Total","Total","Bizkaia","Público",188,193,260,286,298,306,318,332,344,345,352,353,356,396,413,437,434,445,457,462,463,468,549,550,529,571,573,516,517,528
"Total","Total","Bizkaia","Privado",587,564,575,577,617,646,693,739,790,835,890,907,937,983,1065,1122,1126,1030,1147,1092,1072,1114,1168,1208,1234,1181,1207,1268,1245,1263
"Total","Total","Gipuzkoa","Total",502,521,519,568,600,641,660,696,704,732,769,782,816,869,911,959,973,936,1003,1025,1024,1027,1084,1084,1135,1146,1133,1153,1167,1228
"Total","Total","Gipuzkoa","Público",213,232,230,276,298,317,326,336,341,348,364,377,385,426,450,475,484,447,483,490,488,489,509,505,531,537,514,530,526,569
"Total","Total","Gipuzkoa","Privado",289,289,289,292,302,324,334,360,363,384,405,405,431,443,461,484,489,489,520,535,536,538,575,579,604,609,619,623,641,659
"Total","Asociaciones","C.A. de Euskadi","Total",207,255,248,352,372,372,379,400,426,436,441,437,434,429,443,444,445,441,449,454,455,484,488,479,482,475,467,444,468,461
"Total","Asociaciones","C.A. de Euskadi","Público",:,:,0,:,:,:,:,:,:,:,:,:,:,:,:,:,:,:,4,:,:,:,:,:,:,:,:,:,:,:
"Total","Asociaciones","C.A. de Euskadi","Privado",207,255,248,352,372,372,379,400,426,436,441,437,434,429,443,444,445,441,445,454,455,484,488,479,482,475,467,444,468,461
"Total","Asociaciones","Araba/Álava","Total",49,58,59,61,73,69,66,67,71,74,77,77,77,78,76,79,76,74,79,76,77,84,86,82,84,81,81,75,77,76
"Total","Asociaciones","Araba/Álava","Público",:,:,0,:,:,:,:,:,:,:,:,:,:,:,:,:,:,:,1,:,:,:,:,:,:,:,:,:,:,:
"Total","Asociaciones","Araba/Álava","Privado",49,58,59,61,73,69,66,67,71,74,77,77,77,78,76,79,76,74,78,76,77,84,86,82,84,81,81,75,77,76
"Total","Asociaciones","Bizkaia","Total",118,146,140,184,184,187,195,208,229,229,231,230,227,224,233,231,226,227,229,234,230,236,232,233,234,232,224,217,230,223
"Total","Asociaciones","Bizkaia","Público",:,:,0,:,:,:,:,:,:,:,:,:,:,:,:,:,:,:,2,:,:,:,:,:,:,:,:,:,:,:
"Total","Asociaciones","Bizkaia","Privado",118,146,140,184,184,187,195,208,229,229,231,230,227,224,233,231,226,227,227,234,230,236,232,233,234,232,224,217,230,223
"Total","Asociaciones","Gipuzkoa","Total",40,51,49,107,115,116,118,125,126,133,133,130,130,127,134,134,143,140,141,144,148,164,170,164,164,162,162,152,161,162
"Total","Asociaciones","Gipuzkoa","Público",:,:,0,:,:,:,:,:,:,:,:,:,:,:,:,:,:,:,1,:,:,:,:,:,:,:,:,:,:,:
"Total","Asociaciones","Gipuzkoa","Privado",40,51,49,107,115,116,118,125,126,133,133,130,130,127,134,134,143,140,140,144,148,164,170,164,164,162,162,152,161,162
"Total","Servicios técnicos generales","C.A. de Euskadi","Total",249,282,328,328,323,329,336,351,358,359,361,363,385,396,411,425,431,432,405,411,411,401,405,404,405,410,409,408,412,413
"Total","Servicios técnicos generales","C.A. de Euskadi","Público",231,268,315,315,311,317,323,338,341,343,344,346,359,370,380,392,399,398,373,376,377,368,372,370,370,376,377,377,380,381
"Total","Servicios técnicos generales","C.A. de Euskadi","Privado",18,14,13,13,12,12,13,13,17,16,17,17,26,26,31,33,32,34,32,35,34,33,33,34,35,34,32,31,32,32
"Total","Servicios técnicos generales","Araba/Álava","Total",67,75,76,75,76,77,79,83,84,83,84,84,90,92,92,92,94,94,91,94,95,90,94,95,98,98,98,97,98,98
"Total","Servicios técnicos generales","Araba/Álava","Público",57,65,67,66,67,68,69,73,73,73,74,74,78,80,80,80,82,82,79,81,82,77,81,82,83,84,84,84,84,84
"Total","Servicios técnicos generales","Araba/Álava","Privado",10,10,9,9,9,9,10,10,11,10,10,10,12,12,12,12,12,12,12,13,13,13,13,13,15,14,14,13,14,14
"Total","Servicios técnicos generales","Bizkaia","Total",91,93,138,138,134,137,141,151,152,152,155,157,162,170,176,187,193,193,184,183,181,179,177,175,174,179,177,175,176,177
"Total","Servicios técnicos generales","Bizkaia","Público",88,91,135,135,132,135,139,149,147,147,149,151,154,162,165,174,179,179,170,169,168,166,164,162,161,166,165,163,164,165
"Total","Servicios técnicos generales","Bizkaia","Privado",3,2,3,3,2,2,2,2,5,5,6,6,8,8,11,13,14,14,14,14,13,13,13,13,13,13,12,12,12,12
"Total","Servicios técnicos generales","Gipuzkoa","Total",91,114,114,115,113,115,116,117,122,124,122,122,133,134,143,146,144,145,130,134,135,132,134,134,133,133,134,136,138,138
"Total","Servicios técnicos generales","Gipuzkoa","Público",86,112,113,114,112,114,115,116,121,123,121,121,127,128,135,138,138,137,124,126,127,125,127,126,126,126,128,130,132,132
"Total","Servicios técnicos generales","Gipuzkoa","Privado",5,2,1,1,1,1,1,1,1,1,1,1,6,6,8,8,6,8,6,8,8,7,7,8,7,7,6,6,6,6
"Total","Centros de orientación","C.A. de Euskadi","Total",23,24,25,11,9,8,13,12,7,6,7,7,5,3,3,3,4,4,4,4,3,2,1,4,4,4,4,4,4,4
"Total","Centros de orientación","C.A. de Euskadi","Público",6,6,6,6,6,6,11,10,5,4,6,6,3,3,3,3,3,4,4,4,3,2,1,4,4,4,4,4,4,4
"Total","Centros de orientación","C.A. de Euskadi","Privado",17,18,19,5,3,2,2,2,2,2,1,1,2,:,:,:,1,:,:,:,:,:,:,:,:,:,:,:,:,:
"Total","Centros de orientación","Araba/Álava","Total",3,3,3,3,3,3,6,5,2,2,2,2,2,1,1,1,1,2,:,2,1,1,:,2,2,2,2,2,2,2
"Total","Centros de orientación","Araba/Álava","Público",3,3,3,3,3,3,6,5,2,2,2,2,1,1,1,1,1,2,:,2,1,1,:,2,2,2,2,2,2,2
"Total","Centros de orientación","Araba/Álava","Privado",:,:,0,:,:,:,:,:,:,:,:,:,1,:,:,:,:,:,:,:,:,:,:,:,:,:,:,:,:,:
"Total","Centros de orientación","Bizkaia","Total",12,13,14,4,4,3,4,4,4,3,3,3,1,1,1,1,2,1,:,1,1,1,:,1,1,1,1,1,1,1
"Total","Centros de orientación","Bizkaia","Público",1,1,1,1,1,1,2,2,2,1,2,2,1,1,1,1,1,1,:,1,1,1,:,1,1,1,1,1,1,1
"Total","Centros de orientación","Bizkaia","Privado",11,12,13,3,3,2,2,2,2,2,1,1,:,:,:,:,1,:,:,:,:,:,:,:,:,:,:,:,:,:
"Total","Centros de orientación","Gipuzkoa","Total",8,8,8,4,2,2,3,3,1,1,2,2,2,1,1,1,1,1,:,1,1,:,1,1,1,1,1,1,1,1
"Total","Centros de orientación","Gipuzkoa","Público",2,2,2,2,2,2,3,3,1,1,2,2,1,1,1,1,1,1,:,1,1,:,1,1,1,1,1,1,1,1
"Total","Centros de orientación","Gipuzkoa","Privado",6,6,6,2,:,:,:,:,:,:,:,:,1,:,:,:,:,:,:,:,:,:,:,:,:,:,:,:,:,:
"Total","Centros de día","C.A. de Euskadi","Total",424,440,428,418,447,468,503,508,524,547,578,582,625,655,671,676,682,685,686,687,686,687,696,693,702,711,708,703,707,709
"Total","Centros de día","C.A. de Euskadi","Público",122,129,148,242,274,293,307,312,318,324,342,348,343,361,371,376,380,387,406,413,418,421,432,435,441,446,444,443,446,456
"Total","Centros de día","C.A. de Euskadi","Privado",302,311,280,176,173,175,196,196,206,223,236,234,282,294,300,300,302,298,280,274,268,266,264,258,261,265,264,260,261,253
"Total","Centros de día","Araba/Álava","Total",69,68,66,64,74,80,87,87,86,90,93,93,92,93,95,97,98,101,119,116,121,124,124,122,125,124,123,119,118,120
"Total","Centros de día","Araba/Álava","Público",37,34,34,52,60,65,70,71,70,73,78,78,77,78,80,81,80,82,99,99,103,105,106,106,108,107,106,106,106,109
"Total","Centros de día","Araba/Álava","Privado",32,34,32,12,14,15,17,16,16,17,15,15,15,15,15,16,18,19,20,17,18,19,18,16,17,17,17,13,12,11
"Total","Centros de día","Bizkaia","Total",237,245,235,223,233,236,256,253,273,285,298,297,334,356,364,365,370,367,342,341,333,334,338,334,335,339,338,338,337,326
"Total","Centros de día","Bizkaia","Público",42,52,72,94,108,114,117,121,131,130,132,132,130,146,152,155,155,158,158,162,162,162,168,171,172,173,171,171,173,177
"Total","Centros de día","Bizkaia","Privado",195,193,163,129,125,122,139,132,142,155,166,165,204,210,212,210,215,209,184,179,171,172,170,163,163,166,167,167,164,149
"Total","Centros de día","Gipuzkoa","Total",118,127,127,131,140,152,160,168,165,172,187,192,199,206,212,214,214,217,225,230,232,229,234,237,242,248,247,246,252,263
"Total","Centros de día","Gipuzkoa","Público",43,43,42,96,106,114,120,120,117,121,132,138,136,137,139,140,145,147,149,152,153,154,158,158,161,166,167,166,167,170
"Total","Centros de día","Gipuzkoa","Privado",75,84,85,35,34,38,40,48,48,51,55,54,63,69,73,74,69,70,76,78,79,75,76,79,81,82,80,80,85,93
"Total","Residencias","C.A. de Euskadi","Total",381,411,417,423,508,557,575,603,633,666,715,734,772,897,994,1082,1091,972,1161,1144,1133,1156,1342,1400,1442,1441,1436,1487,1465,1597
"Total","Residencias","C.A. de Euskadi","Público",157,170,169,166,199,210,211,224,239,241,258,266,271,330,360,388,392,359,440,474,473,486,581,550,553,581,549,519,520,585
"Total","Residencias","C.A. de Euskadi","Privado",224,241,248,257,309,347,364,379,394,425,457,468,501,567,634,694,699,613,721,670,660,670,761,850,889,860,887,968,945,1012
"Total","Residencias","Araba/Álava","Total",77,80,83,90,117,127,131,131,142,147,155,156,161,167,183,187,191,188,207,231,238,240,248,259,266,261,225,257,280,319
"Total","Residencias","Araba/Álava","Público",46,50,51,53,71,75,77,80,87,87,94,96,96,99,109,109,107,106,118,147,149,152,156,131,131,123,111,123,133,154
"Total","Residencias","Araba/Álava","Privado",31,30,32,37,46,52,54,51,55,60,61,60,65,68,74,78,84,82,89,84,89,88,92,128,135,138,114,134,147,165
"Total","Residencias","Bizkaia","Total",158,171,178,188,230,254,266,281,297,316,339,347,368,437,504,551,553,472,591,530,523,549,684,739,728,731,776,779,734,775
"Total","Residencias","Bizkaia","Público",44,46,47,50,51,50,50,51,53,54,58,57,59,77,82,89,91,96,117,119,122,129,207,205,186,222,227,171,169,175
"Total","Residencias","Bizkaia","Privado",114,125,131,138,179,204,216,230,244,262,281,290,309,360,422,462,462,376,474,411,401,420,477,534,542,509,549,608,565,600
"Total","Residencias","Gipuzkoa","Total",146,160,156,145,161,176,178,191,194,203,221,231,243,293,307,344,347,312,363,383,372,367,410,402,448,449,435,451,451,503
"Total","Residencias","Gipuzkoa","Público",67,74,71,63,77,85,84,93,99,100,106,113,116,154,169,190,194,157,205,208,202,205,218,214,236,236,211,225,218,256
"Total","Residencias","Gipuzkoa","Privado",79,86,85,82,84,91,94,98,95,103,115,118,127,139,138,154,153,155,158,175,170,162,192,188,212,213,224,226,233,247
"Total","C.O.-C.E.E.","C.A. de Euskadi","Total",88,100,119,117,123,129,135,144,154,157,169,171,175,183,187,194,193,185,202,202,200,200,200,212,218,218,217,220,220,217
"Total","C.O.-C.E.E.","C.A. de Euskadi","Público",20,20,22,24,24,24,25,25,24,24,22,22,23,22,22,24,22,22,22,24,24,25,25,25,24,24,24,24,25,26
"Total","C.O.-C.E.E.","C.A. de Euskadi","Privado",68,80,97,93,99,105,110,119,130,133,147,149,152,161,165,170,171,163,180,178,176,175,175,187,194,194,193,196,195,191
"Total","C.O.-C.E.E.","Araba/Álava","Total",24,24,24,25,29,29,30,31,38,40,42,43,42,46,45,47,46,41,39,38,36,35,36,39,42,41,40,42,42,40
"Total","C.O.-C.E.E.","Araba/Álava","Público",16,16,16,17,17,17,18,18,18,18,18,18,18,18,18,18,18,18,18,18,18,18,18,18,19,19,19,19,20,21
"Total","C.O.-C.E.E.","Araba/Álava","Privado",8,8,8,8,12,12,12,13,20,22,24,25,24,28,27,29,28,23,21,20,18,17,18,21,23,22,21,23,22,19
"Total","C.O.-C.E.E.","Bizkaia","Total",26,29,48,48,50,51,54,58,62,64,73,74,79,82,87,94,95,92,99,100,100,101,100,100,102,103,103,103,105,107
"Total","C.O.-C.E.E.","Bizkaia","Público",3,3,5,6,6,6,6,6,6,6,4,4,4,4,4,6,4,4,4,6,6,7,7,7,5,5,5,5,5,5
"Total","C.O.-C.E.E.","Bizkaia","Privado",23,26,43,42,44,45,48,52,56,58,69,70,75,78,83,88,91,88,95,94,94,94,93,93,97,98,98,98,100,102
"Total","C.O.-C.E.E.","Gipuzkoa","Total",38,47,47,44,44,49,51,55,54,53,54,54,54,55,55,53,52,52,64,64,64,64,64,73,74,74,74,75,73,70
"Total","C.O.-C.E.E.","Gipuzkoa","Público",1,1,1,1,1,1,1,1,:,:,:,:,1,:,:,:,:,:,:,:,:,:,:,:,:,:,:,:,:,:
"Total","C.O.-C.E.E.","Gipuzkoa","Privado",37,46,46,43,43,48,50,54,54,53,54,54,53,55,55,53,52,52,64,64,64,64,64,73,74,74,74,75,73,70
"Total","Otros","C.A. de Euskadi","Total",251,105,131,133,142,156,171,197,203,217,241,250,236,220,235,264,255,251,294,284,289,303,312,305,324,310,303,327,332,335
"Total","Otros","C.A. de Euskadi","Público",43,3,4,1,3,4,12,11,14,16,15,15,17,17,21,25,15,18,15,13,13,12,12,15,16,18,17,19,19,21
"Total","Otros","C.A. de Euskadi","Privado",208,102,127,132,139,152,159,186,189,201,226,235,219,203,214,239,240,233,279,271,276,291,300,290,308,292,286,308,313,314
"Total","Otros","Araba/Álava","Total",57,31,31,33,37,41,42,44,44,40,48,47,59,58,63,67,62,59,57,50,50,50,55,56,62,64,62,64,62,62
"Total","Otros","Araba/Álava","Público",19,3,3,1,3,3,5,5,6,6,5,5,5,5,6,7,5,6,7,5,4,4,4,5,5,6,6,6,6,6
"Total","Otros","Araba/Álava","Privado",38,28,28,32,34,38,37,39,38,34,43,42,54,53,57,60,57,53,50,45,46,46,51,51,57,58,56,58,56,56
"Total","Otros","Bizkaia","Total",133,60,82,78,80,84,95,116,117,131,143,152,122,109,113,130,121,123,158,165,167,182,186,176,189,167,161,171,179,182
"Total","Otros","Bizkaia","Público",:,:,0,:,:,:,4,3,5,7,7,7,8,6,9,12,4,7,5,5,4,3,3,4,4,4,4,5,5,5
"Total","Otros","Bizkaia","Privado",123,60,82,78,80,84,91,113,112,124,136,145,114,103,104,118,117,116,153,160,163,179,183,172,185,163,157,166,174,177
"Total","Otros","Gipuzkoa","Total",61,14,18,22,25,31,34,37,42,46,50,51,55,53,59,67,72,69,79,69,72,71,71,73,73,79,80,92,91,91
"Total","Otros","Gipuzkoa","Público",:,:,1,:,:,1,3,3,3,3,3,3,4,6,6,6,6,5,3,3,5,5,5,6,7,8,7,8,8,10
"Total","Otros","Gipuzkoa","Privado",47,14,17,22,25,30,31,34,39,43,47,48,51,47,53,61,66,64,76,66,67,66,66,67,66,71,73,84,83,81
"Población general","Total","C.A. de Euskadi","Total",239,273,317,314,314,319,321,327,329,327,323,320,328,343,345,357,355,357,359,357,358,352,362,361,358,364,364,359,359,359
"Población general","Total","C.A. de Euskadi","Público",224,261,304,301,302,307,308,314,312,311,306,303,307,307,309,312,315,316,317,318,317,309,321,323,322,328,328,325,325,326
"Población general","Total","C.A. de Euskadi","Privado",15,12,13,13,12,12,13,13,17,16,17,17,21,36,36,45,40,41,42,39,41,43,41,38,36,36,36,34,34,33
"Población general","Total","Araba/Álava","Total",66,74,75,73,74,75,76,79,77,76,74,74,79,86,86,87,86,86,88,89,89,85,90,91,91,92,92,90,90,90
"Población general","Total","Araba/Álava","Público",56,64,66,64,65,66,66,69,66,66,64,64,67,67,67,67,69,70,70,72,72,69,73,74,74,74,74,74,74,74
"Población general","Total","Araba/Álava","Privado",10,10,9,9,9,9,10,10,11,10,10,10,12,19,19,20,17,16,18,17,17,16,17,17,17,18,18,16,16,16
"Población general","Total","Bizkaia","Total",87,89,131,129,130,132,133,136,137,134,134,132,131,132,132,143,143,145,147,145,145,144,147,146,145,148,148,147,147,148
"Población general","Total","Bizkaia","Público",84,87,128,126,128,130,131,134,132,129,128,126,126,125,125,128,129,130,132,131,130,128,133,134,133,138,137,135,135,136
"Población general","Total","Bizkaia","Privado",3,2,3,3,2,2,2,2,5,5,6,6,5,7,7,15,14,15,15,14,15,16,14,12,12,10,11,12,12,12
"Población general","Total","Gipuzkoa","Total",86,110,111,112,110,112,112,112,115,117,115,114,118,125,127,127,126,126,124,123,124,123,125,124,122,124,124,122,122,121
"Población general","Total","Gipuzkoa","Público",84,110,110,111,109,111,111,111,114,116,114,113,114,115,117,117,117,116,115,115,115,112,115,115,115,116,117,116,116,116
"Población general","Total","Gipuzkoa","Privado",2,:,1,1,1,1,1,1,1,1,1,1,4,10,10,10,9,10,9,8,9,11,10,9,7,8,7,6,6,5
"Población general","Asociaciones","C.A. de Euskadi","Total",:,:,0,:,:,:,:,:,:,:,:,:,:,:,:,:,:,:,5,3,5,5,5,3,3,3,2,2,2,2
"Población general","Asociaciones","C.A. de Euskadi","Público",:,:,0,:,:,:,:,:,:,:,:,:,:,:,:,:,:,:,3,:,:,:,:,:,:,:,:,:,:,:
"Población general","Asociaciones","C.A. de Euskadi","Privado",:,:,0,:,:,:,:,:,:,:,:,:,:,:,:,:,:,:,:,3,5,5,5,3,3,3,2,2,2,2
"Población general","Asociaciones","Araba/Álava","Total",:,:,0,:,:,:,:,:,:,:,:,:,:,:,:,:,:,:,:,2,2,2,2,2,2,2,2,1,1,1
"Población general","Asociaciones","Araba/Álava","Público",:,:,0,:,:,:,:,:,:,:,:,:,:,:,:,:,:,:,:,:,:,:,:,:,:,:,:,:,:,:
"Población general","Asociaciones","Araba/Álava","Privado",:,:,0,:,:,:,:,:,:,:,:,:,:,:,:,:,:,:,:,2,2,2,2,2,2,2,2,1,1,1
"Población general","Asociaciones","Bizkaia","Total",:,:,0,:,:,:,:,:,:,:,:,:,:,:,:,:,:,:,:,1,2,2,2,:,:,:,:,1,1,1
"Población general","Asociaciones","Bizkaia","Público",:,:,0,:,:,:,:,:,:,:,:,:,:,:,:,:,:,:,:,:,:,:,:,:,:,:,:,:,:,:
"Población general","Asociaciones","Bizkaia","Privado",:,:,0,:,:,:,:,:,:,:,:,:,:,:,:,:,:,:,:,1,2,2,2,:,:,:,:,1,1,1
"Población general","Asociaciones","Gipuzkoa","Total",:,:,0,:,:,:,:,:,:,:,:,:,:,:,:,:,:,:,:,:,1,1,1,1,1,1,:,:,:,:
"Población general","Asociaciones","Gipuzkoa","Público",:,:,0,:,:,:,:,:,:,:,:,:,:,:,:,:,:,:,:,:,:,:,:,:,:,:,:,:,:,:
"Población general","Asociaciones","Gipuzkoa","Privado",:,:,0,:,:,:,:,:,:,:,:,:,:,:,:,:,:,:,:,:,1,1,1,1,1,1,:,:,:,:
"Población general","Servicios técnicos generales","C.A. de Euskadi","Total",239,273,317,314,314,319,321,327,329,327,323,320,327,327,329,335,337,339,336,340,339,330,342,344,343,348,348,343,343,344
"Población general","Servicios técnicos generales","C.A. de Euskadi","Público",224,261,304,301,302,307,308,314,312,311,306,303,307,307,309,312,315,316,314,318,317,309,321,323,322,328,328,324,324,325
"Población general","Servicios técnicos generales","C.A. de Euskadi","Privado",15,12,13,13,12,12,13,13,17,16,17,17,20,20,20,23,22,23,22,22,22,21,21,21,21,20,20,19,19,19
"Población general","Servicios técnicos generales","Araba/Álava","Total",66,74,75,73,74,75,76,79,77,76,74,74,79,79,79,79,81,82,81,84,84,80,84,85,86,86,86,85,85,85
"Población general","Servicios técnicos generales","Araba/Álava","Público",56,64,66,64,65,66,66,69,66,66,64,64,67,67,67,67,69,70,69,72,72,69,73,74,74,74,74,74,74,74
"Población general","Servicios técnicos generales","Araba/Álava","Privado",10,10,9,9,9,9,10,10,11,10,10,10,12,12,12,12,12,12,12,12,12,11,11,11,12,12,12,11,11,11
"Población general","Servicios técnicos generales","Bizkaia","Total",87,89,131,129,130,132,133,136,137,134,134,132,130,129,129,135,137,138,139,139,138,136,141,142,141,145,144,141,141,142
"Población general","Servicios técnicos generales","Bizkaia","Público",84,87,128,126,128,130,131,134,132,129,128,126,126,125,125,128,129,130,131,131,130,128,133,134,133,138,137,134,134,135
"Población general","Servicios técnicos generales","Bizkaia","Privado",3,2,3,3,2,2,2,2,5,5,6,6,4,4,4,7,8,8,8,8,8,8,8,8,8,7,7,7,7,7
"Población general","Servicios técnicos generales","Gipuzkoa","Total",86,110,111,112,110,112,112,112,115,117,115,114,118,119,121,121,119,119,116,117,117,114,117,117,116,117,118,117,117,117
"Población general","Servicios técnicos generales","Gipuzkoa","Público",84,110,110,111,109,111,111,111,114,116,114,113,114,115,117,117,117,116,114,115,115,112,115,115,115,116,117,116,116,116
"Población general","Servicios técnicos generales","Gipuzkoa","Privado",2,:,1,1,1,1,1,1,1,1,1,1,4,4,4,4,2,3,2,2,2,2,2,2,1,1,1,1,1,1
"Población general","Centros de orientación","C.A. de Euskadi","Total",:,:,0,:,:,:,:,:,:,:,:,:,:,:,:,:,:,:,:,:,:,:,:,:,:,:,:,:,:,:
"Población general","Centros de orientación","C.A. de Euskadi","Público",:,:,0,:,:,:,:,:,:,:,:,:,:,:,:,:,:,:,:,:,:,:,:,:,:,:,:,:,:,:
"Población general","Centros de orientación","C.A. de Euskadi","Privado",:,:,0,:,:,:,:,:,:,:,:,:,:,:,:,:,:,:,:,:,:,:,:,:,:,:,:,:,:,:
"Población general","Centros de orientación","Araba/Álava","Total",:,:,0,:,:,:,:,:,:,:,:,:,:,:,:,:,:,:,:,:,:,:,:,:,:,:,:,:,:,:
"Población general","Centros de orientación","Araba/Álava","Público",:,:,0,:,:,:,:,:,:,:,:,:,:,:,:,:,:,:,:,:,:,:,:,:,:,:,:,:,:,:
"Población general","Centros de orientación","Araba/Álava","Privado",:,:,0,:,:,:,:,:,:,:,:,:,:,:,:,:,:,:,:,:,:,:,:,:,:,:,:,:,:,:
"Población general","Centros de orientación","Bizkaia","Total",:,:,0,:,:,:,:,:,:,:,:,:,:,:,:,:,:,:,:,:,:,:,:,:,:,:,:,:,:,:
"Población general","Centros de orientación","Bizkaia","Público",:,:,0,:,:,:,:,:,:,:,:,:,:,:,:,:,:,:,:,:,:,:,:,:,:,:,:,:,:,:
"Población general","Centros de orientación","Bizkaia","Privado",:,:,0,:,:,:,:,:,:,:,:,:,:,:,:,:,:,:,:,:,:,:,:,:,:,:,:,:,:,:
"Población general","Centros de orientación","Gipuzkoa","Total",:,:,0,:,:,:,:,:,:,:,:,:,:,:,:,:,:,:,:,:,:,:,:,:,:,:,:,:,:,:
"Población general","Centros de orientación","Gipuzkoa","Público",:,:,0,:,:,:,:,:,:,:,:,:,:,:,:,:,:,:,:,:,:,:,:,:,:,:,:,:,:,:
"Población general","Centros de orientación","Gipuzkoa","Privado",:,:,0,:,:,:,:,:,:,:,:,:,:,:,:,:,:,:,:,:,:,:,:,:,:,:,:,:,:,:
"Población general","Centros de día","C.A. de Euskadi","Total",:,:,0,:,:,:,:,:,:,:,:,:,:,:,:,:,:,:,:,:,:,:,:,:,:,:,:,:,:,:
"Población general","Centros de día","C.A. de Euskadi","Público",:,:,0,:,:,:,:,:,:,:,:,:,:,:,:,:,:,:,:,:,:,:,:,:,:,:,:,:,:,:
"Población general","Centros de día","C.A. de Euskadi","Privado",:,:,0,:,:,:,:,:,:,:,:,:,:,:,:,:,:,:,:,:,:,:,:,:,:,:,:,:,:,:
"Población general","Centros de día","Araba/Álava","Total",:,:,0,:,:,:,:,:,:,:,:,:,:,:,:,:,:,:,:,:,:,:,:,:,:,:,:,:,:,:
"Población general","Centros de día","Araba/Álava","Público",:,:,0,:,:,:,:,:,:,:,:,:,:,:,:,:,:,:,:,:,:,:,:,:,:,:,:,:,:,:
"Población general","Centros de día","Araba/Álava","Privado",:,:,0,:,:,:,:,:,:,:,:,:,:,:,:,:,:,:,:,:,:,:,:,:,:,:,:,:,:,:
"Población general","Centros de día","Bizkaia","Total",:,:,0,:,:,:,:,:,:,:,:,:,:,:,:,:,:,:,:,:,:,:,:,:,:,:,:,:,:,:
"Población general","Centros de día","Bizkaia","Público",:,:,0,:,:,:,:,:,:,:,:,:,:,:,:,:,:,:,:,:,:,:,:,:,:,:,:,:,:,:
"Población general","Centros de día","Bizkaia","Privado",:,:,0,:,:,:,:,:,:,:,:,:,:,:,:,:,:,:,:,:,:,:,:,:,:,:,:,:,:,:
"Población general","Centros de día","Gipuzkoa","Total",:,:,0,:,:,:,:,:,:,:,:,:,:,:,:,:,:,:,:,:,:,:,:,:,:,:,:,:,:,:
"Población general","Centros de día","Gipuzkoa","Público",:,:,0,:,:,:,:,:,:,:,:,:,:,:,:,:,:,:,:,:,:,:,:,:,:,:,:,:,:,:
"Población general","Centros de día","Gipuzkoa","Privado",:,:,0,:,:,:,:,:,:,:,:,:,:,:,:,:,:,:,:,:,:,:,:,:,:,:,:,:,:,:
"Población general","Residencias","C.A. de Euskadi","Total",:,:,0,:,:,:,:,:,:,:,:,:,:,:,:,:,:,:,:,:,:,:,:,:,:,:,:,1,1,1
"Población general","Residencias","C.A. de Euskadi","Público",:,:,0,:,:,:,:,:,:,:,:,:,:,:,:,:,:,:,:,:,:,:,:,:,:,:,:,1,1,1
"Población general","Residencias","C.A. de Euskadi","Privado",:,:,0,:,:,:,:,:,:,:,:,:,:,:,:,:,:,:,:,:,:,:,:,:,:,:,:,:,:,:
"Población general","Residencias","Araba/Álava","Total",:,:,0,:,:,:,:,:,:,:,:,:,:,:,:,:,:,:,:,:,:,:,:,:,:,:,:,:,:,:
"Población general","Residencias","Araba/Álava","Público",:,:,0,:,:,:,:,:,:,:,:,:,:,:,:,:,:,:,:,:,:,:,:,:,:,:,:,:,:,:
"Población general","Residencias","Araba/Álava","Privado",:,:,0,:,:,:,:,:,:,:,:,:,:,:,:,:,:,:,:,:,:,:,:,:,:,:,:,:,:,:
"Población general","Residencias","Bizkaia","Total",:,:,0,:,:,:,:,:,:,:,:,:,:,:,:,:,:,:,:,:,:,:,:,:,:,:,:,1,1,1
"Población general","Residencias","Bizkaia","Público",:,:,0,:,:,:,:,:,:,:,:,:,:,:,:,:,:,:,:,:,:,:,:,:,:,:,:,1,1,1
"Población general","Residencias","Bizkaia","Privado",:,:,0,:,:,:,:,:,:,:,:,:,:,:,:,:,:,:,:,:,:,:,:,:,:,:,:,:,:,:
"Población general","Residencias","Gipuzkoa","Total",:,:,0,:,:,:,:,:,:,:,:,:,:,:,:,:,:,:,:,:,:,:,:,:,:,:,:,:,:,:
"Población general","Residencias","Gipuzkoa","Público",:,:,0,:,:,:,:,:,:,:,:,:,:,:,:,:,:,:,:,:,:,:,:,:,:,:,:,:,:,:
"Población general","Residencias","Gipuzkoa","Privado",:,:,0,:,:,:,:,:,:,:,:,:,:,:,:,:,:,:,:,:,:,:,:,:,:,:,:,:,:,:
"Población general","C.O.-C.E.E.","C.A. de Euskadi","Total",:,:,0,:,:,:,:,:,:,:,:,:,:,:,:,:,:,:,:,:,:,:,:,:,:,:,:,:,:,:
"Población general","C.O.-C.E.E.","C.A. de Euskadi","Público",:,:,0,:,:,:,:,:,:,:,:,:,:,:,:,:,:,:,:,:,:,:,:,:,:,:,:,:,:,:
"Población general","C.O.-C.E.E.","C.A. de Euskadi","Privado",:,:,0,:,:,:,:,:,:,:,:,:,:,:,:,:,:,:,:,:,:,:,:,:,:,:,:,:,:,:
"Población general","C.O.-C.E.E.","Araba/Álava","Total",:,:,0,:,:,:,:,:,:,:,:,:,:,:,:,:,:,:,:,:,:,:,:,:,:,:,:,:,:,:
"Población general","C.O.-C.E.E.","Araba/Álava","Público",:,:,0,:,:,:,:,:,:,:,:,:,:,:,:,:,:,:,:,:,:,:,:,:,:,:,:,:,:,:
"Población general","C.O.-C.E.E.","Araba/Álava","Privado",:,:,0,:,:,:,:,:,:,:,:,:,:,:,:,:,:,:,:,:,:,:,:,:,:,:,:,:,:,:
"Población general","C.O.-C.E.E.","Bizkaia","Total",:,:,0,:,:,:,:,:,:,:,:,:,:,:,:,:,:,:,:,:,:,:,:,:,:,:,:,:,:,:
"Población general","C.O.-C.E.E.","Bizkaia","Público",:,:,0,:,:,:,:,:,:,:,:,:,:,:,:,:,:,:,:,:,:,:,:,:,:,:,:,:,:,:
"Población general","C.O.-C.E.E.","Bizkaia","Privado",:,:,0,:,:,:,:,:,:,:,:,:,:,:,:,:,:,:,:,:,:,:,:,:,:,:,:,:,:,:
"Población general","C.O.-C.E.E.","Gipuzkoa","Total",:,:,0,:,:,:,:,:,:,:,:,:,:,:,:,:,:,:,:,:,:,:,:,:,:,:,:,:,:,:
"Población general","C.O.-C.E.E.","Gipuzkoa","Público",:,:,0,:,:,:,:,:,:,:,:,:,:,:,:,:,:,:,:,:,:,:,:,:,:,:,:,:,:,:
"Población general","C.O.-C.E.E.","Gipuzkoa","Privado",:,:,0,:,:,:,:,:,:,:,:,:,:,:,:,:,:,:,:,:,:,:,:,:,:,:,:,:,:,:
"Población general","Otros","C.A. de Euskadi","Total",:,:,0,:,:,:,:,:,:,:,:,:,1,16,16,22,18,18,18,14,14,17,15,14,12,13,14,13,13,12
"Población general","Otros","C.A. de Euskadi","Público",:,:,0,:,:,:,:,:,:,:,:,:,:,:,:,:,:,:,:,:,:,:,:,:,:,:,:,:,:,:
"Población general","Otros","C.A. de Euskadi","Privado",:,:,0,:,:,:,:,:,:,:,:,:,1,16,16,22,18,18,18,14,14,17,15,14,12,13,14,13,13,12
"Población general","Otros","Araba/Álava","Total",:,:,0,:,:,:,:,:,:,:,:,:,:,7,7,8,5,4,5,3,3,3,4,4,3,4,4,4,4,4
"Población general","Otros","Araba/Álava","Público",:,:,0,:,:,:,:,:,:,:,:,:,:,:,:,:,:,:,:,:,:,:,:,:,:,:,:,:,:,:
"Población general","Otros","Araba/Álava","Privado",:,:,0,:,:,:,:,:,:,:,:,:,:,7,7,8,5,4,5,3,3,3,4,4,3,4,4,4,4,4
"Población general","Otros","Bizkaia","Total",:,:,0,:,:,:,:,:,:,:,:,:,1,3,3,8,6,7,6,5,5,6,4,4,4,3,4,4,4,4
"Población general","Otros","Bizkaia","Público",:,:,0,:,:,:,:,:,:,:,:,:,:,:,:,:,:,:,:,:,:,:,:,:,:,:,:,:,:,:
"Población general","Otros","Bizkaia","Privado",:,:,0,:,:,:,:,:,:,:,:,:,1,3,3,8,6,7,6,5,5,6,4,4,4,3,4,4,4,4
"Población general","Otros","Gipuzkoa","Total",:,:,0,:,:,:,:,:,:,:,:,:,:,6,6,6,7,7,7,6,6,8,7,6,5,6,6,5,5,4
"Población general","Otros","Gipuzkoa","Público",:,:,0,:,:,:,:,:,:,:,:,:,:,:,:,:,:,:,:,:,:,:,:,:,:,:,:,:,:,:
"Población general","Otros","Gipuzkoa","Privado",:,:,0,:,:,:,:,:,:,:,:,:,:,6,6,6,7,7,7,6,6,8,7,6,5,6,6,5,5,4
"Infancia-Juventud","Total","C.A. de Euskadi","Total",266,112,103,98,104,106,113,120,113,114,127,126,115,148,168,192,160,153,158,171,160,152,178,170,189,191,212,198,205,191
"Infancia-Juventud","Total","C.A. de Euskadi","Público",77,36,34,37,36,37,38,40,40,41,47,49,47,62,71,76,70,67,97,97,93,91,97,102,116,113,116,118,128,129
"Infancia-Juventud","Total","C.A. de Euskadi","Privado",189,76,69,61,68,69,75,80,73,73,80,77,68,86,97,116,90,86,61,74,67,61,81,68,73,78,96,80,77,62
"Infancia-Juventud","Total","Araba/Álava","Total",50,23,23,26,27,25,27,27,26,27,30,31,29,29,35,37,31,27,28,28,28,29,30,30,31,30,32,32,32,31
"Infancia-Juventud","Total","Araba/Álava","Público",34,17,17,20,20,20,22,23,23,24,26,26,24,25,26,27,24,23,24,24,23,23,24,24,25,25,27,27,31,31
"Infancia-Juventud","Total","Araba/Álava","Privado",16,6,6,6,7,5,5,4,3,3,4,5,5,4,9,10,7,4,4,4,5,6,6,6,6,5,5,5,1,:
"Infancia-Juventud","Total","Bizkaia","Total",141,62,55,51,53,55,61,66,59,59,65,62,50,67,77,105,82,82,86,91,85,86,91,97,109,114,121,120,124,109
"Infancia-Juventud","Total","Bizkaia","Público",26,16,14,14,13,13,12,13,13,13,16,16,15,21,24,25,24,22,50,47,45,45,48,53,60,60,60,59,60,60
"Infancia-Juventud","Total","Bizkaia","Privado",115,46,41,37,40,42,49,53,46,46,49,46,35,46,53,80,58,60,36,44,40,41,43,44,49,54,61,61,64,49
"Infancia-Juventud","Total","Gipuzkoa","Total",75,27,25,21,24,26,25,27,28,28,32,33,36,52,56,50,47,44,44,52,47,37,57,43,49,47,59,46,49,51
"Infancia-Juventud","Total","Gipuzkoa","Público",17,3,3,3,3,4,4,4,4,4,5,7,8,16,21,24,22,22,23,26,25,23,25,25,31,28,29,32,37,38
"Infancia-Juventud","Total","Gipuzkoa","Privado",58,24,22,18,21,22,21,23,24,24,27,26,28,36,35,26,25,22,21,26,22,14,32,18,18,19,30,14,12,13
"Infancia-Juventud","Asociaciones","C.A. de Euskadi","Total",7,8,4,1,1,2,2,2,3,1,1,1,:,:,:,:,:,:,0,:,:,:,5,5,4,:,:,:,1,:
"Infancia-Juventud","Asociaciones","C.A. de Euskadi","Público",:,:,0,:,:,:,:,:,:,:,:,:,:,:,:,:,:,:,:,:,:,:,:,:,:,:,:,:,:,:
"Infancia-Juventud","Asociaciones","C.A. de Euskadi","Privado",7,8,4,1,1,2,2,2,3,1,1,1,:,:,:,:,:,:,0,:,:,:,5,5,4,:,:,:,1,:
"Infancia-Juventud","Asociaciones","Araba/Álava","Total",2,2,2,:,:,:,:,:,:,:,:,:,:,:,:,:,:,:,0,:,:,:,:,:,:,:,:,:,:,:
"Infancia-Juventud","Asociaciones","Araba/Álava","Público",:,:,0,:,:,:,:,:,:,:,:,:,:,:,:,:,:,:,:,:,:,:,:,:,:,:,:,:,:,:
"Infancia-Juventud","Asociaciones","Araba/Álava","Privado",2,2,2,:,:,:,:,:,:,:,:,:,:,:,:,:,:,:,0,:,:,:,:,:,:,:,:,:,:,:
"Infancia-Juventud","Asociaciones","Bizkaia","Total",4,5,2,1,1,2,2,2,3,1,1,1,:,:,:,:,:,:,0,:,:,:,:,:,:,:,:,:,1,:
"Infancia-Juventud","Asociaciones","Bizkaia","Público",:,:,0,:,:,:,:,:,:,:,:,:,:,:,:,:,:,:,:,:,:,:,:,:,:,:,:,:,:,:
"Infancia-Juventud","Asociaciones","Bizkaia","Privado",4,5,2,1,1,2,2,2,3,1,1,1,:,:,:,:,:,:,0,:,:,:,:,:,:,:,:,:,1,:
"Infancia-Juventud","Asociaciones","Gipuzkoa","Total",1,1,0,:,:,:,:,:,:,:,:,:,:,:,:,:,:,:,0,:,:,:,5,5,4,:,:,:,:,:
"Infancia-Juventud","Asociaciones","Gipuzkoa","Público",:,:,0,:,:,:,:,:,:,:,:,:,:,:,:,:,:,:,:,:,:,:,:,:,:,:,:,:,:,:
"Infancia-Juventud","Asociaciones","Gipuzkoa","Privado",1,1,0,:,:,:,:,:,:,:,:,:,:,:,:,:,:,:,0,:,:,:,5,5,4,:,:,:,:,:
"Infancia-Juventud","Servicios técnicos generales","C.A. de Euskadi","Total",:,:,0,:,:,:,:,:,3,3,3,4,4,4,4,6,6,5,5,5,5,5,5,5,5,5,5,5,5,5
"Infancia-Juventud","Servicios técnicos generales","C.A. de Euskadi","Público",:,:,0,:,:,:,:,:,3,3,3,4,4,4,4,6,6,5,5,5,5,5,5,5,5,5,5,5,5,5
"Infancia-Juventud","Servicios técnicos generales","C.A. de Euskadi","Privado",:,:,0,:,:,:,:,:,:,:,:,:,:,:,:,:,:,:,:,0,0,0,0,:,:,:,:,:,:,:
"Infancia-Juventud","Servicios técnicos generales","Araba/Álava","Total",:,:,0,:,:,:,:,:,2,2,2,2,2,2,2,2,2,2,:,2,2,2,2,2,2,2,2,2,2,2
"Infancia-Juventud","Servicios técnicos generales","Araba/Álava","Público",:,:,0,:,:,:,:,:,2,2,2,2,2,2,2,2,2,2,:,2,2,2,2,2,2,2,2,2,2,2
"Infancia-Juventud","Servicios técnicos generales","Araba/Álava","Privado",:,:,0,:,:,:,:,:,:,:,:,:,:,:,:,:,:,:,:,0,0,0,0,:,:,:,:,:,:,:
"Infancia-Juventud","Servicios técnicos generales","Bizkaia","Total",:,:,0,:,:,:,:,:,:,:,:,1,1,1,1,3,3,2,:,2,2,2,2,2,2,2,2,2,2,2
"Infancia-Juventud","Servicios técnicos generales","Bizkaia","Público",:,:,0,:,:,:,:,:,:,:,:,1,1,1,1,3,3,2,:,2,2,2,2,2,2,2,2,2,2,2
"Infancia-Juventud","Servicios técnicos generales","Bizkaia","Privado",:,:,0,:,:,:,:,:,:,:,:,:,:,:,:,:,:,:,:,0,0,0,:,:,:,:,:,:,:,:
"Infancia-Juventud","Servicios técnicos generales","Gipuzkoa","Total",:,:,0,:,:,:,:,:,1,1,1,1,1,1,1,1,1,1,:,1,1,1,1,1,1,1,1,1,1,1
"Infancia-Juventud","Servicios técnicos generales","Gipuzkoa","Público",:,:,0,:,:,:,:,:,1,1,1,1,1,1,1,1,1,1,:,1,1,1,1,1,1,1,1,1,1,1
"Infancia-Juventud","Servicios técnicos generales","Gipuzkoa","Privado",:,:,0,:,:,:,:,:,:,:,:,:,:,:,:,:,:,:,:,0,0,0,0,:,:,:,:,:,:,:
"Infancia-Juventud","Centros de orientación","C.A. de Euskadi","Total",11,12,12,3,3,3,3,3,:,:,:,:,:,:,:,:,:,:,:,:,:,:,:,:,:,:,:,:,:,:
"Infancia-Juventud","Centros de orientación","C.A. de Euskadi","Público",3,3,3,3,3,3,3,3,:,:,:,:,:,:,:,:,:,:,:,:,:,:,:,:,:,:,:,:,:,:
"Infancia-Juventud","Centros de orientación","C.A. de Euskadi","Privado",8,9,9,:,:,:,:,:,:,:,:,:,:,:,:,:,:,:,:,:,:,:,:,:,:,:,:,:,:,:
"Infancia-Juventud","Centros de orientación","Araba/Álava","Total",2,2,2,2,2,2,2,2,:,:,:,:,:,:,:,:,:,:,:,:,:,:,:,:,:,:,:,:,:,:
"Infancia-Juventud","Centros de orientación","Araba/Álava","Público",2,2,2,2,2,2,2,2,:,:,:,:,:,:,:,:,:,:,:,:,:,:,:,:,:,:,:,:,:,:
"Infancia-Juventud","Centros de orientación","Araba/Álava","Privado",:,:,0,:,:,:,:,:,:,:,:,:,:,:,:,:,:,:,:,:,:,:,:,:,:,:,:,:,:,:
"Infancia-Juventud","Centros de orientación","Bizkaia","Total",7,8,8,:,:,:,:,:,:,:,:,:,:,:,:,:,:,:,:,:,:,:,:,:,:,:,:,:,:,:
"Infancia-Juventud","Centros de orientación","Bizkaia","Público",:,:,0,:,:,:,:,:,:,:,:,:,:,:,:,:,:,:,:,:,:,:,:,:,:,:,:,:,:,:
"Infancia-Juventud","Centros de orientación","Bizkaia","Privado",7,8,8,:,:,:,:,:,:,:,:,:,:,:,:,:,:,:,:,:,:,:,:,:,:,:,:,:,:,:
"Infancia-Juventud","Centros de orientación","Gipuzkoa","Total",2,2,2,1,1,1,1,1,:,:,:,:,:,:,:,:,:,:,:,:,:,:,:,:,:,:,:,:,:,:
"Infancia-Juventud","Centros de orientación","Gipuzkoa","Público",1,1,1,1,1,1,1,1,:,:,:,:,:,:,:,:,:,:,:,:,:,:,:,:,:,:,:,:,:,:
"Infancia-Juventud","Centros de orientación","Gipuzkoa","Privado",1,1,1,:,:,:,:,:,:,:,:,:,:,:,:,:,:,:,:,:,:,:,:,:,:,:,:,:,:,:
"Infancia-Juventud","Centros de día","C.A. de Euskadi","Total",15,14,5,17,11,11,20,8,8,12,13,13,21,32,35,35,35,34,18,17,17,17,18,16,19,18,19,18,17,16
"Infancia-Juventud","Centros de día","C.A. de Euskadi","Público",5,4,2,4,4,4,6,6,6,8,9,9,8,8,9,10,9,9,9,10,10,11,12,11,13,12,13,12,12,12
"Infancia-Juventud","Centros de día","C.A. de Euskadi","Privado",10,10,3,13,7,7,14,2,2,4,4,4,13,24,26,25,26,25,9,7,7,6,6,5,6,6,6,6,5,4
"Infancia-Juventud","Centros de día","Araba/Álava","Total",4,3,2,4,4,4,6,6,6,8,9,9,8,8,8,8,7,8,8,8,8,9,10,10,11,11,11,11,11,10
"Infancia-Juventud","Centros de día","Araba/Álava","Público",4,3,2,4,4,4,6,6,6,8,9,9,8,8,8,8,7,7,:,7,7,8,9,9,10,10,10,10,10,10
"Infancia-Juventud","Centros de día","Araba/Álava","Privado",:,:,0,:,:,:,:,:,:,:,:,:,:,:,:,:,:,1,:,1,1,1,1,1,1,1,1,1,1,:
"Infancia-Juventud","Centros de día","Bizkaia","Total",11,11,3,13,7,7,14,2,2,4,4,4,13,24,26,26,27,25,9,7,7,6,6,4,5,5,5,5,4,4
"Infancia-Juventud","Centros de día","Bizkaia","Público",1,1,0,:,:,:,:,:,:,:,:,:,:,:,1,1,1,1,:,1,1,1,1,:,:,:,:,:,:,:
"Infancia-Juventud","Centros de día","Bizkaia","Privado",10,10,3,13,7,7,14,2,2,4,4,4,13,24,25,25,26,24,:,6,6,5,5,4,5,5,5,5,4,4
"Infancia-Juventud","Centros de día","Gipuzkoa","Total",:,:,0,:,:,:,:,:,:,:,:,:,:,:,1,1,1,1,:,2,2,2,2,2,3,2,3,2,2,2
"Infancia-Juventud","Centros de día","Gipuzkoa","Público",:,:,0,:,:,:,:,:,:,:,:,:,:,:,:,1,1,1,:,2,2,2,2,2,3,2,3,2,2,2
"Infancia-Juventud","Centros de día","Gipuzkoa","Privado",:,:,0,:,:,:,:,:,:,:,:,:,:,:,1,:,:,:,:,:,:,:,:,:,:,:,:,:,:,:
"Infancia-Juventud","Residencias","C.A. de Euskadi","Total",70,70,69,64,72,73,71,76,72,68,75,73,74,98,110,130,99,95,99,107,97,90,108,101,112,118,142,125,133,121
"Infancia-Juventud","Residencias","C.A. de Euskadi","Público",29,29,29,30,29,30,29,31,31,30,35,36,35,50,56,58,54,52,81,81,77,74,79,84,96,92,94,95,105,106
"Infancia-Juventud","Residencias","C.A. de Euskadi","Privado",41,41,40,34,43,43,42,45,41,38,40,37,39,48,54,72,45,43,18,26,20,16,29,17,16,26,48,30,28,15
"Infancia-Juventud","Residencias","Araba/Álava","Total",15,15,16,16,16,16,17,18,17,16,17,18,18,18,22,23,19,16,17,17,16,16,16,16,16,15,17,17,17,17
"Infancia-Juventud","Residencias","Araba/Álava","Público",12,12,13,14,14,14,14,15,15,14,15,15,14,15,15,16,14,13,14,14,13,12,12,12,12,11,13,13,17,17
"Infancia-Juventud","Residencias","Araba/Álava","Privado",3,3,3,2,2,2,3,3,2,2,2,3,4,3,7,7,5,3,3,3,3,4,4,4,4,4,4,4,:,:
"Infancia-Juventud","Residencias","Bizkaia","Total",35,33,31,29,35,36,34,36,34,31,34,30,29,36,43,68,44,45,48,46,44,44,47,53,59,66,77,75,78,64
"Infancia-Juventud","Residencias","Bizkaia","Público",15,15,14,14,13,13,12,13,13,13,16,15,14,20,21,20,20,19,46,44,42,42,45,50,57,57,57,55,56,56
"Infancia-Juventud","Residencias","Bizkaia","Privado",20,18,17,15,22,23,22,23,21,18,18,15,15,16,22,48,24,26,2,2,2,2,2,3,2,9,20,20,22,8
"Infancia-Juventud","Residencias","Gipuzkoa","Total",20,22,22,19,21,21,20,22,21,21,24,25,27,44,45,39,36,34,34,44,37,30,45,32,37,37,48,33,38,40
"Infancia-Juventud","Residencias","Gipuzkoa","Público",2,2,2,2,2,3,3,3,3,3,4,6,7,15,20,22,20,20,21,23,22,20,22,22,27,24,24,27,32,33
"Infancia-Juventud","Residencias","Gipuzkoa","Privado",18,20,20,17,19,18,17,19,18,18,20,19,20,29,25,17,16,14,13,21,15,10,23,10,10,13,24,6,6,7
"Infancia-Juventud","C.O.-C.E.E.","C.A. de Euskadi","Total",:,:,0,:,:,:,:,:,:,:,:,:,:,:,:,:,:,:,:,:,:,:,:,:,:,:,:,:,:,:
"Infancia-Juventud","C.O.-C.E.E.","C.A. de Euskadi","Público",:,:,0,:,:,:,:,:,:,:,:,:,:,:,:,:,:,:,:,:,:,:,:,:,:,:,:,:,:,:
"Infancia-Juventud","C.O.-C.E.E.","C.A. de Euskadi","Privado",:,:,0,:,:,:,:,:,:,:,:,:,:,:,:,:,:,:,:,:,:,:,:,:,:,:,:,:,:,:
"Infancia-Juventud","C.O.-C.E.E.","Araba/Álava","Total",:,:,0,:,:,:,:,:,:,:,:,:,:,:,:,:,:,:,:,:,:,:,:,:,:,:,:,:,:,:
"Infancia-Juventud","C.O.-C.E.E.","Araba/Álava","Público",:,:,0,:,:,:,:,:,:,:,:,:,:,:,:,:,:,:,:,:,:,:,:,:,:,:,:,:,:,:
"Infancia-Juventud","C.O.-C.E.E.","Araba/Álava","Privado",:,:,0,:,:,:,:,:,:,:,:,:,:,:,:,:,:,:,:,:,:,:,:,:,:,:,:,:,:,:
"Infancia-Juventud","C.O.-C.E.E.","Bizkaia","Total",:,:,0,:,:,:,:,:,:,:,:,:,:,:,:,:,:,:,:,:,:,:,:,:,:,:,:,:,:,:
"Infancia-Juventud","C.O.-C.E.E.","Bizkaia","Público",:,:,0,:,:,:,:,:,:,:,:,:,:,:,:,:,:,:,:,:,:,:,:,:,:,:,:,:,:,:
"Infancia-Juventud","C.O.-C.E.E.","Bizkaia","Privado",:,:,0,:,:,:,:,:,:,:,:,:,:,:,:,:,:,:,:,:,:,:,:,:,:,:,:,:,:,:
"Infancia-Juventud","C.O.-C.E.E.","Gipuzkoa","Total",:,:,0,:,:,:,:,:,:,:,:,:,:,:,:,:,:,:,:,:,:,:,:,:,:,:,:,:,:,:
"Infancia-Juventud","C.O.-C.E.E.","Gipuzkoa","Público",:,:,0,:,:,:,:,:,:,:,:,:,:,:,:,:,:,:,:,:,:,:,:,:,:,:,:,:,:,:
"Infancia-Juventud","C.O.-C.E.E.","Gipuzkoa","Privado",:,:,0,:,:,:,:,:,:,:,:,:,:,:,:,:,:,:,:,:,:,:,:,:,:,:,:,:,:,:
"Infancia-Juventud","Otros","C.A. de Euskadi","Total",163,8,13,13,17,17,17,31,27,30,35,35,16,14,19,21,20,19,36,42,41,40,42,43,49,50,46,50,49,49
"Infancia-Juventud","Otros","C.A. de Euskadi","Público",:,:,0,:,:,:,:,:,:,:,:,:,:,:,2,2,1,1,:,1,1,1,1,2,2,4,4,6,6,6
"Infancia-Juventud","Otros","C.A. de Euskadi","Privado",123,8,13,13,17,17,17,31,27,30,35,35,16,14,17,19,19,18,:,41,40,39,41,41,47,46,42,44,43,43
"Infancia-Juventud","Otros","Araba/Álava","Total",27,1,1,4,5,3,2,1,1,1,2,2,1,1,3,4,3,1,:,1,2,2,2,2,2,2,2,2,2,2
"Infancia-Juventud","Otros","Araba/Álava","Público",:,:,0,:,:,:,:,:,:,:,:,:,:,:,1,1,1,1,:,1,1,1,1,1,1,2,2,2,2,2
"Infancia-Juventud","Otros","Araba/Álava","Privado",11,1,1,4,5,3,2,1,1,1,2,2,1,1,2,3,2,:,:,:,1,1,1,1,1,:,:,:,:,:
"Infancia-Juventud","Otros","Bizkaia","Total",84,5,11,8,10,10,11,26,20,23,26,26,7,6,7,8,8,10,27,36,32,34,36,38,43,41,37,38,39,39
"Infancia-Juventud","Otros","Bizkaia","Público",:,:,0,:,:,:,:,:,:,:,:,:,:,:,1,1,:,:,:,:,:,:,:,1,1,1,1,2,2,2
"Infancia-Juventud","Otros","Bizkaia","Privado",74,5,11,8,10,10,11,26,20,23,26,26,7,6,6,7,8,10,:,36,32,34,36,37,42,40,36,36,37,37
"Infancia-Juventud","Otros","Gipuzkoa","Total",52,2,1,1,2,4,4,4,6,6,7,7,8,7,9,9,9,8,8,5,7,4,4,3,4,7,7,10,8,8
"Infancia-Juventud","Otros","Gipuzkoa","Público",:,:,0,:,:,:,:,:,:,:,:,:,:,:,:,:,:,:,:,:,:,:,:,:,:,1,1,2,2,2
"Infancia-Juventud","Otros","Gipuzkoa","Privado",38,2,1,1,2,4,4,4,6,6,7,7,8,7,9,9,9,8,8,5,7,4,4,3,4,6,6,8,6,6
"Mujer","Total","C.A. de Euskadi","Total",111,122,96,70,66,71,73,86,100,109,122,125,125,138,157,155,148,148,128,133,130,138,121,113,114,111,114,118,113,119
"Mujer","Total","C.A. de Euskadi","Público",32,34,38,36,35,39,38,45,52,54,62,65,62,79,92,94,93,96,78,77,74,82,69,65,70,71,73,79,71,78
"Mujer","Total","C.A. de Euskadi","Privado",79,88,58,34,31,32,35,41,48,55,60,60,63,59,65,61,55,52,50,56,56,56,52,48,44,40,41,39,42,41
"Mujer","Total","Araba/Álava","Total",19,20,17,7,7,9,11,11,15,13,16,16,20,21,28,28,24,26,25,34,27,27,26,25,26,24,22,24,24,24
"Mujer","Total","Araba/Álava","Público",4,4,4,4,4,6,7,7,11,10,11,11,11,13,20,20,18,20,18,27,19,19,18,18,18,18,16,18,16,18
"Mujer","Total","Araba/Álava","Privado",15,16,13,3,3,3,4,4,4,3,5,5,9,8,8,8,6,6,7,7,8,8,8,7,8,6,6,6,8,6
"Mujer","Total","Bizkaia","Total",65,73,52,48,39,39,42,54,63,73,80,80,79,85,93,95,90,91,77,77,81,86,76,68,66,65,64,65,65,66
"Mujer","Total","Bizkaia","Público",11,13,16,21,16,16,16,22,24,26,32,32,33,41,45,48,48,53,42,34,39,42,35,30,33,34,32,35,35,35
"Mujer","Total","Bizkaia","Privado",54,60,36,27,23,23,26,32,39,47,48,48,46,44,48,47,42,38,35,43,42,44,41,38,33,31,32,30,30,31
"Mujer","Total","Gipuzkoa","Total",27,29,27,15,20,23,20,21,22,23,26,29,26,32,36,32,34,31,26,22,22,25,19,20,22,22,28,29,24,29
"Mujer","Total","Gipuzkoa","Público",17,17,18,11,15,17,15,16,17,18,19,22,18,25,27,26,27,23,18,16,16,21,16,17,19,19,25,26,20,25
"Mujer","Total","Gipuzkoa","Privado",10,12,9,4,5,6,5,5,5,5,7,7,8,7,9,6,7,8,8,6,6,4,3,3,3,3,3,3,4,4
"Mujer","Asociaciones","C.A. de Euskadi","Total",66,74,42,17,14,14,14,14,19,21,23,21,21,20,20,19,20,21,17,19,16,15,12,7,7,6,4,3,3,3
"Mujer","Asociaciones","C.A. de Euskadi","Público",:,:,0,:,:,:,:,:,:,:,:,:,:,:,:,:,:,:,:,:,:,:,:,:,:,:,:,:,:,:
"Mujer","Asociaciones","C.A. de Euskadi","Privado",66,74,42,17,14,14,14,14,19,21,23,21,21,20,20,19,20,21,17,19,16,15,12,7,7,6,4,3,3,3
"Mujer","Asociaciones","Araba/Álava","Total",13,14,11,:,:,:,:,:,:,:,1,1,1,:,:,:,:,:,:,1,2,2,1,1,1,:,:,:,:,:
"Mujer","Asociaciones","Araba/Álava","Público",:,:,0,:,:,:,:,:,:,:,:,:,:,:,:,:,:,:,:,:,:,:,:,:,:,:,:,:,:,:
"Mujer","Asociaciones","Araba/Álava","Privado",13,14,11,:,:,:,:,:,:,:,1,1,1,:,:,:,:,:,:,1,2,2,1,1,1,:,:,:,:,:
"Mujer","Asociaciones","Bizkaia","Total",46,51,25,16,12,12,13,13,18,20,20,19,19,19,18,17,18,19,14,17,12,12,10,5,5,5,3,3,3,3
"Mujer","Asociaciones","Bizkaia","Público",:,:,0,:,:,:,:,:,:,:,:,:,:,:,:,:,:,:,:,:,:,:,:,:,:,:,:,:,:,:
"Mujer","Asociaciones","Bizkaia","Privado",46,51,25,16,12,12,13,13,18,20,20,19,19,19,18,17,18,19,14,17,12,12,10,5,5,5,3,3,3,3
"Mujer","Asociaciones","Gipuzkoa","Total",7,9,6,1,2,2,1,1,1,1,2,1,1,1,2,2,2,2,:,1,2,1,1,1,1,1,1,:,:,:
"Mujer","Asociaciones","Gipuzkoa","Público",:,:,0,:,:,:,:,:,:,:,:,:,:,:,:,:,:,:,:,:,:,:,:,:,:,:,:,:,:,:
"Mujer","Asociaciones","Gipuzkoa","Privado",7,9,6,1,2,2,1,1,1,1,2,1,1,1,2,2,2,2,:,1,2,1,1,1,1,1,1,:,:,:
"Mujer","Servicios técnicos generales","C.A. de Euskadi","Total",7,7,11,13,8,9,10,17,17,19,24,28,32,39,41,44,46,47,25,22,23,23,15,13,13,14,14,14,14,14
"Mujer","Servicios técnicos generales","C.A. de Euskadi","Público",7,7,11,13,8,9,10,17,17,19,24,28,31,38,41,44,46,47,25,22,23,23,15,13,13,14,14,14,14,14
"Mujer","Servicios técnicos generales","C.A. de Euskadi","Privado",:,:,0,:,:,:,:,:,:,:,:,:,1,1,:,:,:,:,:,0,0,0,0,:,:,:,:,:,:,:
"Mujer","Servicios técnicos generales","Araba/Álava","Total",1,1,1,1,1,1,2,2,2,2,3,3,3,4,4,4,4,4,:,:,1,1,1,1,1,2,2,2,2,2
"Mujer","Servicios técnicos generales","Araba/Álava","Público",1,1,1,1,1,1,2,2,2,2,3,3,3,4,4,4,4,4,:,:,1,1,1,1,1,2,2,2,2,2
"Mujer","Servicios técnicos generales","Araba/Álava","Privado",:,:,0,:,:,:,:,:,:,:,:,:,:,:,:,:,:,:,:,:,:,:,:,:,:,:,:,:,:,:
"Mujer","Servicios técnicos generales","Bizkaia","Total",4,4,7,9,4,5,5,11,11,13,17,20,21,27,27,29,31,31,22,20,19,19,12,10,10,10,9,9,9,9
"Mujer","Servicios técnicos generales","Bizkaia","Público",4,4,7,9,4,5,5,11,11,13,17,20,20,26,27,29,31,31,22,20,19,19,12,10,10,10,9,9,9,9
"Mujer","Servicios técnicos generales","Bizkaia","Privado",:,:,0,:,:,:,:,:,:,:,:,:,1,1,:,:,:,:,:,0,0,0,0,:,:,:,:,:,:,:
"Mujer","Servicios técnicos generales","Gipuzkoa","Total",2,2,3,3,3,3,3,4,4,4,4,5,8,8,10,11,11,12,:,2,3,3,2,2,2,2,3,3,3,3
"Mujer","Servicios técnicos generales","Gipuzkoa","Público",2,2,3,3,3,3,3,4,4,4,4,5,8,8,10,11,11,12,:,2,3,3,2,2,2,2,3,3,3,3
"Mujer","Servicios técnicos generales","Gipuzkoa","Privado",:,:,0,:,:,:,:,:,:,:,:,:,:,:,:,:,:,:,:,:,:,:,:,:,:,:,:,:,:,:
"Mujer","Centros de orientación","C.A. de Euskadi","Total",:,:,0,:,:,:,:,:,:,:,:,:,:,:,:,:,:,:,:,:,:,:,:,:,:,:,:,:,:,:
"Mujer","Centros de orientación","C.A. de Euskadi","Público",:,:,0,:,:,:,:,:,:,:,:,:,:,:,:,:,:,:,:,:,:,:,:,:,:,:,:,:,:,:
"Mujer","Centros de orientación","C.A. de Euskadi","Privado",:,:,0,:,:,:,:,:,:,:,:,:,:,:,:,:,:,:,:,:,:,:,:,:,:,:,:,:,:,:
"Mujer","Centros de orientación","Araba/Álava","Total",:,:,0,:,:,:,:,:,:,:,:,:,:,:,:,:,:,:,:,:,:,:,:,:,:,:,:,:,:,:
"Mujer","Centros de orientación","Araba/Álava","Público",:,:,0,:,:,:,:,:,:,:,:,:,:,:,:,:,:,:,:,:,:,:,:,:,:,:,:,:,:,:
"Mujer","Centros de orientación","Araba/Álava","Privado",:,:,0,:,:,:,:,:,:,:,:,:,:,:,:,:,:,:,:,:,:,:,:,:,:,:,:,:,:,:
"Mujer","Centros de orientación","Bizkaia","Total",:,:,0,:,:,:,:,:,:,:,:,:,:,:,:,:,:,:,:,:,:,:,:,:,:,:,:,:,:,:
"Mujer","Centros de orientación","Bizkaia","Público",:,:,0,:,:,:,:,:,:,:,:,:,:,:,:,:,:,:,:,:,:,:,:,:,:,:,:,:,:,:
"Mujer","Centros de orientación","Bizkaia","Privado",:,:,0,:,:,:,:,:,:,:,:,:,:,:,:,:,:,:,:,:,:,:,:,:,:,:,:,:,:,:
"Mujer","Centros de orientación","Gipuzkoa","Total",:,:,0,:,:,:,:,:,:,:,:,:,:,:,:,:,:,:,:,:,:,:,:,:,:,:,:,:,:,:
"Mujer","Centros de orientación","Gipuzkoa","Público",:,:,0,:,:,:,:,:,:,:,:,:,:,:,:,:,:,:,:,:,:,:,:,:,:,:,:,:,:,:
"Mujer","Centros de orientación","Gipuzkoa","Privado",:,:,0,:,:,:,:,:,:,:,:,:,:,:,:,:,:,:,:,:,:,:,:,:,:,:,:,:,:,:
"Mujer","Centros de día","C.A. de Euskadi","Total",3,3,1,1,1,1,1,2,2,2,2,2,1,1,2,2,2,2,2,2,2,3,3,3,3,3,4,3,3,3
"Mujer","Centros de día","C.A. de Euskadi","Público",1,1,0,:,:,:,:,:,:,:,:,:,:,:,:,:,:,:,:,:,:,:,:,:,:,:,:,:,:,:
"Mujer","Centros de día","C.A. de Euskadi","Privado",2,2,1,1,1,1,1,2,2,2,2,2,1,1,2,2,2,2,:,2,2,3,3,3,3,3,4,3,3,3
"Mujer","Centros de día","Araba/Álava","Total",:,:,0,:,:,:,:,:,:,:,:,:,:,:,:,:,:,:,:,:,:,:,:,:,:,:,:,:,:,:
"Mujer","Centros de día","Araba/Álava","Público",:,:,0,:,:,:,:,:,:,:,:,:,:,:,:,:,:,:,:,:,:,:,:,:,:,:,:,:,:,:
"Mujer","Centros de día","Araba/Álava","Privado",:,:,0,:,:,:,:,:,:,:,:,:,:,:,:,:,:,:,:,:,:,:,:,:,:,:,:,:,:,:
"Mujer","Centros de día","Bizkaia","Total",3,3,1,1,1,1,1,2,2,2,2,2,1,1,2,2,2,2,:,2,2,3,3,3,3,3,4,3,3,3
"Mujer","Centros de día","Bizkaia","Público",1,1,0,:,:,:,:,:,:,:,:,:,:,:,:,:,:,:,:,:,:,:,:,:,:,:,:,:,:,:
"Mujer","Centros de día","Bizkaia","Privado",2,2,1,1,1,1,1,2,2,2,2,2,1,1,2,2,2,2,:,2,2,3,3,3,3,3,4,3,3,3
"Mujer","Centros de día","Gipuzkoa","Total",:,:,0,:,:,:,:,:,:,:,:,:,:,:,:,:,:,:,:,:,:,:,:,:,:,:,:,:,:,:
"Mujer","Centros de día","Gipuzkoa","Público",:,:,0,:,:,:,:,:,:,:,:,:,:,:,:,:,:,:,:,:,:,:,:,:,:,:,:,:,:,:
"Mujer","Centros de día","Gipuzkoa","Privado",:,:,0,:,:,:,:,:,:,:,:,:,:,:,:,:,:,:,:,:,:,:,:,:,:,:,:,:,:,:
"Mujer","Residencias","C.A. de Euskadi","Total",31,33,34,32,37,38,37,39,48,52,57,55,48,55,71,67,61,58,65,72,70,80,75,75,76,77,81,84,79,85
"Mujer","Residencias","C.A. de Euskadi","Público",24,26,27,23,27,30,28,28,35,35,38,37,31,41,50,49,47,47,53,55,51,59,54,52,57,57,59,65,57,64
"Mujer","Residencias","C.A. de Euskadi","Privado",7,7,7,9,10,8,9,11,13,17,19,18,17,14,21,18,14,11,12,17,19,21,21,23,19,20,22,19,22,21
"Mujer","Residencias","Araba/Álava","Total",3,3,3,3,3,5,5,5,9,8,8,8,8,9,17,17,14,16,16,27,18,18,17,17,17,17,15,17,17,17
"Mujer","Residencias","Araba/Álava","Público",3,3,3,3,3,5,5,5,9,8,8,8,8,9,16,16,14,16,16,27,18,18,17,17,17,16,14,16,14,16
"Mujer","Residencias","Araba/Álava","Privado",:,:,0,:,:,:,:,:,:,:,:,:,:,:,1,1,:,:,:,:,:,:,:,:,:,1,1,1,3,1
"Mujer","Residencias","Bizkaia","Total",10,12,13,18,19,16,18,20,24,28,31,27,26,26,34,35,30,30,31,30,38,43,43,42,41,42,43,43,44,45
"Mujer","Residencias","Bizkaia","Público",6,8,9,12,12,11,11,11,13,13,15,12,13,15,17,18,17,20,20,14,20,23,23,20,23,24,23,26,26,26
"Mujer","Residencias","Bizkaia","Privado",4,4,4,6,7,5,7,9,11,15,16,15,13,11,17,17,13,10,11,16,18,20,20,22,18,18,20,17,18,19
"Mujer","Residencias","Gipuzkoa","Total",18,18,18,11,15,17,14,14,15,16,18,20,14,20,20,15,17,12,18,15,14,19,15,16,18,18,23,24,18,23
"Mujer","Residencias","Gipuzkoa","Público",15,15,15,8,12,14,12,12,13,14,15,17,10,17,17,15,16,11,:,14,13,18,14,15,17,17,22,23,17,22
"Mujer","Residencias","Gipuzkoa","Privado",3,3,3,3,3,3,2,2,2,2,3,3,4,3,3,:,1,1,:,1,1,1,1,1,1,1,1,1,1,1
"Mujer","C.O.-C.E.E.","C.A. de Euskadi","Total",:,:,0,:,:,:,:,:,:,:,:,:,:,:,:,:,:,:,:,:,:,:,:,:,:,:,:,:,:,:
"Mujer","C.O.-C.E.E.","C.A. de Euskadi","Público",:,:,0,:,:,:,:,:,:,:,:,:,:,:,:,:,:,:,:,:,:,:,:,:,:,:,:,:,:,:
"Mujer","C.O.-C.E.E.","C.A. de Euskadi","Privado",:,:,0,:,:,:,:,:,:,:,:,:,:,:,:,:,:,:,:,:,:,:,:,:,:,:,:,:,:,:
"Mujer","C.O.-C.E.E.","Araba/Álava","Total",:,:,0,:,:,:,:,:,:,:,:,:,:,:,:,:,:,:,:,:,:,:,:,:,:,:,:,:,:,:
"Mujer","C.O.-C.E.E.","Araba/Álava","Público",:,:,0,:,:,:,:,:,:,:,:,:,:,:,:,:,:,:,:,:,:,:,:,:,:,:,:,:,:,:
"Mujer","C.O.-C.E.E.","Araba/Álava","Privado",:,:,0,:,:,:,:,:,:,:,:,:,:,:,:,:,:,:,:,:,:,:,:,:,:,:,:,:,:,:
"Mujer","C.O.-C.E.E.","Bizkaia","Total",:,:,0,:,:,:,:,:,:,:,:,:,:,:,:,:,:,:,:,:,:,:,:,:,:,:,:,:,:,:
"Mujer","C.O.-C.E.E.","Bizkaia","Público",:,:,0,:,:,:,:,:,:,:,:,:,:,:,:,:,:,:,:,:,:,:,:,:,:,:,:,:,:,:
"Mujer","C.O.-C.E.E.","Bizkaia","Privado",:,:,0,:,:,:,:,:,:,:,:,:,:,:,:,:,:,:,:,:,:,:,:,:,:,:,:,:,:,:
"Mujer","C.O.-C.E.E.","Gipuzkoa","Total",:,:,0,:,:,:,:,:,:,:,:,:,:,:,:,:,:,:,:,:,:,:,:,:,:,:,:,:,:,:
"Mujer","C.O.-C.E.E.","Gipuzkoa","Público",:,:,0,:,:,:,:,:,:,:,:,:,:,:,:,:,:,:,:,:,:,:,:,:,:,:,:,:,:,:
"Mujer","C.O.-C.E.E.","Gipuzkoa","Privado",:,:,0,:,:,:,:,:,:,:,:,:,:,:,:,:,:,:,:,:,:,:,:,:,:,:,:,:,:,:
"Mujer","Otros","C.A. de Euskadi","Total",4,5,8,7,6,9,11,14,14,15,16,19,23,23,23,23,19,20,19,18,19,17,16,15,15,11,11,14,14,14
"Mujer","Otros","C.A. de Euskadi","Público",:,:,0,:,:,:,:,:,:,:,:,:,:,:,1,1,:,2,:,:,:,:,:,:,:,:,:,:,:,:
"Mujer","Otros","C.A. de Euskadi","Privado",4,5,8,7,6,9,11,14,14,15,16,19,23,23,22,22,19,18,19,18,19,17,16,15,15,11,11,14,14,14
"Mujer","Otros","Araba/Álava","Total",2,2,2,3,3,3,4,4,4,3,4,4,8,8,7,7,6,6,6,6,6,6,7,6,7,5,5,5,5,5
"Mujer","Otros","Araba/Álava","Público",:,:,0,:,:,:,:,:,:,:,:,:,:,:,:,:,:,:,:,:,:,:,:,:,:,:,:,:,:,:
"Mujer","Otros","Araba/Álava","Privado",2,2,2,3,3,3,4,4,4,3,4,4,8,8,7,7,6,6,6,6,6,6,7,6,7,5,5,5,5,5
"Mujer","Otros","Bizkaia","Total",2,3,6,4,3,5,5,8,8,10,10,12,12,12,12,12,9,9,8,8,10,9,8,8,7,5,5,7,6,6
"Mujer","Otros","Bizkaia","Público",:,:,0,:,:,:,:,:,:,:,:,:,:,:,1,1,:,2,:,:,:,:,:,:,:,:,:,:,:,:
"Mujer","Otros","Bizkaia","Privado",2,3,6,4,3,5,5,8,8,10,10,12,12,12,11,11,9,7,8,8,10,9,8,8,7,5,5,7,6,6
"Mujer","Otros","Gipuzkoa","Total",:,:,0,:,:,1,2,2,2,2,2,3,3,3,4,4,4,5,5,4,3,2,1,1,1,1,1,2,3,3
"Mujer","Otros","Gipuzkoa","Público",:,:,0,:,:,:,:,:,:,:,:,:,:,:,:,:,:,:,:,:,:,:,:,:,:,:,:,:,:,:
"Mujer","Otros","Gipuzkoa","Privado",:,:,0,:,:,1,2,2,2,2,2,3,3,3,4,4,4,5,5,4,3,2,1,1,1,1,1,2,3,3
"Personas mayores","Total","C.A. de Euskadi","Total",532,582,619,747,837,901,941,975,1007,1040,1073,1091,1130,1156,1168,1193,1195,1190,1229,1234,1215,1238,1246,1245,1261,1271,1246,1221,1237,1234
"Personas mayores","Total","C.A. de Euskadi","Público",180,192,212,304,345,368,386,397,403,408,430,435,434,461,470,495,490,503,525,547,549,551,558,563,576,573,557,557,560,567
"Personas mayores","Total","C.A. de Euskadi","Privado",352,390,407,443,492,533,555,578,604,632,643,656,696,695,698,698,705,687,704,687,666,687,688,682,685,698,689,664,677,667
"Personas mayores","Total","Araba/Álava","Total",94,99,103,123,150,163,172,172,175,181,183,181,185,189,189,191,196,197,220,217,223,224,227,227,232,235,232,222,222,222
"Personas mayores","Total","Araba/Álava","Público",49,50,51,68,74,80,86,89,87,88,94,94,94,95,96,97,97,99,117,118,123,121,120,120,121,120,117,118,116,117
"Personas mayores","Total","Araba/Álava","Privado",45,49,52,55,76,83,86,83,88,93,89,87,91,94,93,94,99,98,103,99,100,103,107,107,111,115,115,104,106,105
"Personas mayores","Total","Bizkaia","Total",277,308,343,385,425,456,476,501,533,549,562,578,604,618,622,629,629,623,625,630,606,613,616,614,613,625,613,605,612,597
"Personas mayores","Total","Bizkaia","Público",56,66,89,110,125,131,136,140,148,148,150,151,151,175,181,191,190,193,188,202,201,202,207,212,213,216,215,214,217,217
"Personas mayores","Total","Bizkaia","Privado",221,242,254,275,300,325,340,361,385,401,412,427,453,443,441,438,439,430,437,428,405,411,409,402,400,409,398,391,395,380
"Personas mayores","Total","Gipuzkoa","Total",161,175,173,239,262,282,293,302,299,310,328,332,341,349,357,373,370,370,384,387,386,401,403,404,416,411,401,394,403,415
"Personas mayores","Total","Gipuzkoa","Público",75,76,72,126,146,157,164,168,168,172,186,190,189,191,193,207,203,211,220,227,225,228,231,231,242,237,225,225,227,233
"Personas mayores","Total","Gipuzkoa","Privado",86,99,101,113,116,125,129,134,131,138,142,142,152,158,164,166,167,159,164,160,161,173,172,173,174,174,176,169,176,182
"Personas mayores","Asociaciones","C.A. de Euskadi","Total",24,46,76,212,235,232,232,240,247,246,248,250,253,254,260,257,263,259,258,268,263,279,280,279,284,285,280,260,281,284
"Personas mayores","Asociaciones","C.A. de Euskadi","Público",:,:,0,:,:,:,:,:,:,:,:,:,:,:,:,:,:,:,0,:,:,:,:,:,:,:,:,:,:,:
"Personas mayores","Asociaciones","C.A. de Euskadi","Privado",24,46,76,212,235,232,232,240,247,246,248,250,253,254,260,257,263,259,258,268,263,279,280,279,284,285,280,260,281,284
"Personas mayores","Asociaciones","Araba/Álava","Total",6,8,12,31,34,33,31,31,32,32,32,32,32,32,32,32,31,30,30,32,30,32,33,32,32,32,33,29,31,31
"Personas mayores","Asociaciones","Araba/Álava","Público",:,:,0,:,:,:,:,:,:,:,:,:,:,:,:,:,:,:,0,:,:,:,:,:,:,:,:,:,:,:
"Personas mayores","Asociaciones","Araba/Álava","Privado",6,8,12,31,34,33,31,31,32,32,32,32,32,32,32,32,31,30,30,32,30,32,33,32,32,32,33,29,31,31
"Personas mayores","Asociaciones","Bizkaia","Total",16,32,57,112,122,122,123,130,137,136,136,138,139,140,144,142,141,140,142,149,146,147,147,149,152,153,147,137,148,148
"Personas mayores","Asociaciones","Bizkaia","Público",:,:,0,:,:,:,:,:,:,:,:,:,:,:,:,:,:,:,0,:,:,:,:,:,:,:,:,:,:,:
"Personas mayores","Asociaciones","Bizkaia","Privado",16,32,57,112,122,122,123,130,137,136,136,138,139,140,144,142,141,140,142,149,146,147,147,149,152,153,147,137,148,148
"Personas mayores","Asociaciones","Gipuzkoa","Total",2,6,7,69,79,77,78,79,78,78,80,80,82,82,84,83,91,89,86,87,87,100,100,98,100,100,100,94,102,105
"Personas mayores","Asociaciones","Gipuzkoa","Público",:,:,0,:,:,:,:,:,:,:,:,:,:,:,:,:,:,:,0,:,:,:,:,:,:,:,:,:,:,:
"Personas mayores","Asociaciones","Gipuzkoa","Privado",2,6,7,69,79,77,78,79,78,78,80,80,82,82,84,83,91,89,86,87,87,100,100,98,100,100,100,94,102,105
"Personas mayores","Servicios técnicos generales","C.A. de Euskadi","Total",:,:,0,:,:,:,1,3,5,5,5,5,6,6,6,7,7,5,6,7,8,7,9,8,8,8,7,7,7,7
"Personas mayores","Servicios técnicos generales","C.A. de Euskadi","Público",:,:,0,:,:,:,1,3,5,5,5,5,5,5,5,7,7,5,6,6,7,6,8,7,7,7,6,6,6,6
"Personas mayores","Servicios técnicos generales","C.A. de Euskadi","Privado",:,:,0,:,:,:,:,:,:,:,:,:,1,1,1,:,:,:,:,1,1,1,1,1,1,1,1,1,1,1
"Personas mayores","Servicios técnicos generales","Araba/Álava","Total",:,:,0,:,:,:,:,1,2,2,2,2,2,2,2,2,2,2,:,2,3,2,3,2,2,2,2,2,2,2
"Personas mayores","Servicios técnicos generales","Araba/Álava","Público",:,:,0,:,:,:,:,1,2,2,2,2,2,2,2,2,2,2,:,2,3,2,3,2,2,2,2,2,2,2
"Personas mayores","Servicios técnicos generales","Araba/Álava","Privado",:,:,0,:,:,:,:,:,:,:,:,:,:,:,:,:,:,:,:,0,0,0,0,:,:,:,:,:,:,:
"Personas mayores","Servicios técnicos generales","Bizkaia","Total",:,:,0,:,:,:,1,2,2,2,2,2,3,3,3,3,3,2,:,3,3,2,3,3,3,3,3,3,3,3
"Personas mayores","Servicios técnicos generales","Bizkaia","Público",:,:,0,:,:,:,1,2,2,2,2,2,2,2,2,3,3,2,:,3,3,2,3,3,3,3,3,3,3,3
"Personas mayores","Servicios técnicos generales","Bizkaia","Privado",:,:,0,:,:,:,:,:,:,:,:,:,1,1,1,:,:,:,:,0,0,0,0,:,:,:,:,:,:,:
"Personas mayores","Servicios técnicos generales","Gipuzkoa","Total",:,:,0,:,:,:,:,:,1,1,1,1,1,1,1,2,2,1,:,2,2,3,3,3,3,3,2,2,2,2
"Personas mayores","Servicios técnicos generales","Gipuzkoa","Público",:,:,0,:,:,:,:,:,1,1,1,1,1,1,1,2,2,1,:,1,1,2,2,2,2,2,1,1,1,1
"Personas mayores","Servicios técnicos generales","Gipuzkoa","Privado",:,:,0,:,:,:,:,:,:,:,:,:,:,:,:,:,:,:,:,1,1,1,1,1,1,1,1,1,1,1
"Personas mayores","Centros de orientación","C.A. de Euskadi","Total",:,:,0,:,:,:,4,2,:,:,:,:,:,:,:,:,:,:,1,3,3,2,:,2,2,2,2,2,2,2
"Personas mayores","Centros de orientación","C.A. de Euskadi","Público",:,:,0,:,:,:,4,2,:,:,:,:,:,:,:,:,:,:,:,3,3,2,:,2,2,2,2,2,2,2
"Personas mayores","Centros de orientación","C.A. de Euskadi","Privado",:,:,0,:,:,:,:,:,:,:,:,:,:,:,:,:,:,:,:,:,:,:,:,:,:,:,:,:,:,:
"Personas mayores","Centros de orientación","Araba/Álava","Total",:,:,0,:,:,:,2,1,:,:,:,:,:,:,:,:,:,:,:,1,1,1,:,1,1,1,1,1,1,1
"Personas mayores","Centros de orientación","Araba/Álava","Público",:,:,0,:,:,:,2,1,:,:,:,:,:,:,:,:,:,:,:,1,1,1,:,1,1,1,1,1,1,1
"Personas mayores","Centros de orientación","Araba/Álava","Privado",:,:,0,:,:,:,:,:,:,:,:,:,:,:,:,:,:,:,:,:,:,:,:,:,:,:,:,:,:,:
"Personas mayores","Centros de orientación","Bizkaia","Total",:,:,0,:,:,:,1,:,:,:,:,:,:,:,:,:,:,:,:,1,1,1,:,1,1,1,1,1,1,1
"Personas mayores","Centros de orientación","Bizkaia","Público",:,:,0,:,:,:,1,:,:,:,:,:,:,:,:,:,:,:,:,1,1,1,:,1,1,1,1,1,1,1
"Personas mayores","Centros de orientación","Bizkaia","Privado",:,:,0,:,:,:,:,:,:,:,:,:,:,:,:,:,:,:,:,:,:,:,:,:,:,:,:,:,:,:
"Personas mayores","Centros de orientación","Gipuzkoa","Total",:,:,0,:,:,:,1,1,:,:,:,:,:,:,:,:,:,:,:,1,1,:,:,:,:,:,:,:,:,:
"Personas mayores","Centros de orientación","Gipuzkoa","Público",:,:,0,:,:,:,1,1,:,:,:,:,:,:,:,:,:,:,:,1,1,:,:,:,:,:,:,:,:,:
"Personas mayores","Centros de orientación","Gipuzkoa","Privado",:,:,0,:,:,:,:,:,:,:,:,:,:,:,:,:,:,:,:,:,:,:,:,:,:,:,:,:,:,:
"Personas mayores","Centros de día","C.A. de Euskadi","Total",354,368,366,344,358,378,399,410,422,432,451,455,469,478,484,485,482,489,514,510,504,504,510,509,509,514,510,507,507,501
"Personas mayores","Centros de día","C.A. de Euskadi","Público",115,122,144,236,263,281,291,296,301,303,320,323,319,338,343,346,350,358,377,382,387,387,396,399,403,405,402,404,405,410
"Personas mayores","Centros de día","C.A. de Euskadi","Privado",239,246,222,108,95,97,108,114,121,129,131,132,150,140,141,139,132,131,137,128,117,117,114,110,106,109,108,103,102,91
"Personas mayores","Centros de día","Araba/Álava","Total",60,60,59,55,61,66,71,71,71,73,74,74,74,75,76,77,77,80,98,96,101,100,99,98,100,98,95,93,91,93
"Personas mayores","Centros de día","Araba/Álava","Público",33,31,32,48,53,57,60,61,60,61,65,65,65,66,67,68,68,70,87,87,91,90,90,90,91,90,88,89,87,88
"Personas mayores","Centros de día","Araba/Álava","Privado",27,29,27,7,8,9,11,10,11,12,9,9,9,9,9,9,9,10,11,9,10,10,9,8,9,8,7,4,4,5
"Personas mayores","Centros de día","Bizkaia","Total",189,196,197,175,177,181,193,200,215,222,227,227,236,242,244,244,244,248,247,247,235,237,239,238,234,236,235,237,237,224
"Personas mayores","Centros de día","Bizkaia","Público",39,49,71,93,106,112,115,119,127,126,128,128,126,143,147,150,150,153,153,157,157,158,163,166,167,166,165,166,168,169
"Personas mayores","Centros de día","Bizkaia","Privado",150,147,126,82,71,69,78,81,88,96,99,99,110,99,97,94,94,95,94,90,78,79,76,72,67,70,70,71,69,55
"Personas mayores","Centros de día","Gipuzkoa","Total",105,112,110,114,120,131,135,139,136,137,150,154,159,161,164,164,161,161,169,167,168,167,172,173,175,180,180,177,179,184
"Personas mayores","Centros de día","Gipuzkoa","Público",43,42,41,95,104,112,116,116,114,116,127,130,128,129,129,128,132,135,137,138,139,139,143,143,145,149,149,149,150,153
"Personas mayores","Centros de día","Gipuzkoa","Privado",62,70,69,19,16,19,19,23,22,21,23,24,31,32,35,36,29,26,32,29,29,28,29,30,30,31,31,28,29,31
"Personas mayores","Residencias","C.A. de Euskadi","Total",153,166,171,184,238,282,290,305,320,345,356,369,389,406,405,430,431,426,432,428,420,429,432,432,445,448,434,432,427,427
"Personas mayores","Residencias","C.A. de Euskadi","Público",65,70,68,68,82,87,90,96,97,100,105,107,109,118,122,142,133,140,141,155,152,156,154,155,164,158,146,145,147,147
"Personas mayores","Residencias","C.A. de Euskadi","Privado",88,96,103,116,156,195,200,209,223,245,251,262,280,288,283,288,298,286,291,273,268,273,278,277,281,290,288,287,280,280
"Personas mayores","Residencias","Araba/Álava","Total",28,31,32,37,54,62,63,63,66,70,69,67,71,75,73,75,82,82,85,82,84,85,87,89,93,98,98,94,94,93
"Personas mayores","Residencias","Araba/Álava","Público",16,19,19,20,21,23,24,26,25,25,27,27,27,27,27,27,27,27,28,28,28,28,27,27,27,27,26,26,26,26
"Personas mayores","Residencias","Araba/Álava","Privado",12,12,13,17,33,39,39,37,41,45,42,40,44,48,46,48,55,55,57,54,56,57,60,62,66,71,72,68,68,67
"Personas mayores","Residencias","Bizkaia","Total",72,79,84,92,122,147,149,160,172,183,191,205,219,227,225,232,234,226,222,219,211,216,219,216,217,226,222,221,217,215
"Personas mayores","Residencias","Bizkaia","Público",17,17,18,17,19,19,19,19,19,20,20,21,22,30,32,38,37,38,31,40,40,41,41,42,42,46,46,44,45,44
"Personas mayores","Residencias","Bizkaia","Privado",55,62,66,75,103,128,130,141,153,163,171,184,197,197,193,194,197,188,191,179,171,175,178,174,175,180,176,177,172,171
"Personas mayores","Residencias","Gipuzkoa","Total",53,56,55,55,62,73,78,82,82,92,96,97,99,104,107,123,115,118,125,127,125,128,126,127,135,124,114,117,116,119
"Personas mayores","Residencias","Gipuzkoa","Público",32,34,31,31,42,45,47,51,53,55,58,59,60,61,63,77,69,75,82,87,84,87,86,86,95,85,74,75,76,77
"Personas mayores","Residencias","Gipuzkoa","Privado",21,22,24,24,20,28,31,31,29,37,38,38,39,43,44,46,46,43,43,40,41,41,40,41,40,39,40,42,40,42
"Personas mayores","C.O.-C.E.E.","C.A. de Euskadi","Total",:,:,0,:,:,:,:,:,:,:,:,:,:,:,:,:,:,:,:,:,:,:,:,:,:,:,:,:,:,:
"Personas mayores","C.O.-C.E.E.","C.A. de Euskadi","Público",:,:,0,:,:,:,:,:,:,:,:,:,:,:,:,:,:,:,:,:,:,:,:,:,:,:,:,:,:,:
"Personas mayores","C.O.-C.E.E.","C.A. de Euskadi","Privado",:,:,0,:,:,:,:,:,:,:,:,:,:,:,:,:,:,:,:,:,:,:,:,:,:,:,:,:,:,:
"Personas mayores","C.O.-C.E.E.","Araba/Álava","Total",:,:,0,:,:,:,:,:,:,:,:,:,:,:,:,:,:,:,:,:,:,:,:,:,:,:,:,:,:,:
"Personas mayores","C.O.-C.E.E.","Araba/Álava","Público",:,:,0,:,:,:,:,:,:,:,:,:,:,:,:,:,:,:,:,:,:,:,:,:,:,:,:,:,:,:
"Personas mayores","C.O.-C.E.E.","Araba/Álava","Privado",:,:,0,:,:,:,:,:,:,:,:,:,:,:,:,:,:,:,:,:,:,:,:,:,:,:,:,:,:,:
"Personas mayores","C.O.-C.E.E.","Bizkaia","Total",:,:,0,:,:,:,:,:,:,:,:,:,:,:,:,:,:,:,:,:,:,:,:,:,:,:,:,:,:,:
"Personas mayores","C.O.-C.E.E.","Bizkaia","Público",:,:,0,:,:,:,:,:,:,:,:,:,:,:,:,:,:,:,:,:,:,:,:,:,:,:,:,:,:,:
"Personas mayores","C.O.-C.E.E.","Bizkaia","Privado",:,:,0,:,:,:,:,:,:,:,:,:,:,:,:,:,:,:,:,:,:,:,:,:,:,:,:,:,:,:
"Personas mayores","C.O.-C.E.E.","Gipuzkoa","Total",:,:,0,:,:,:,:,:,:,:,:,:,:,:,:,:,:,:,:,:,:,:,:,:,:,:,:,:,:,:
"Personas mayores","C.O.-C.E.E.","Gipuzkoa","Público",:,:,0,:,:,:,:,:,:,:,:,:,:,:,:,:,:,:,:,:,:,:,:,:,:,:,:,:,:,:
"Personas mayores","C.O.-C.E.E.","Gipuzkoa","Privado",:,:,0,:,:,:,:,:,:,:,:,:,:,:,:,:,:,:,:,:,:,:,:,:,:,:,:,:,:,:
"Personas mayores","Otros","C.A. de Euskadi","Total",1,2,6,7,6,9,15,15,13,12,13,12,13,12,13,14,12,11,18,18,17,17,15,15,13,14,13,13,13,13
"Personas mayores","Otros","C.A. de Euskadi","Público",:,:,0,:,:,:,:,:,:,:,:,:,1,:,:,:,:,:,:,1,:,:,:,:,:,1,1,:,:,2
"Personas mayores","Otros","C.A. de Euskadi","Privado",1,2,6,7,6,9,15,15,13,12,13,12,12,12,13,14,12,11,18,17,17,17,15,15,13,13,12,13,13,11
"Personas mayores","Otros","Araba/Álava","Total",:,:,0,:,1,2,5,5,4,4,6,6,6,5,6,5,4,3,5,4,4,4,5,5,4,4,3,3,3,2
"Personas mayores","Otros","Araba/Álava","Público",:,:,0,:,:,:,:,:,:,:,:,:,:,:,:,:,:,:,:,:,:,:,:,:,:,:,:,:,:,:
"Personas mayores","Otros","Araba/Álava","Privado",:,:,0,:,1,2,5,5,4,4,6,6,6,5,6,5,4,3,5,4,4,4,5,5,4,4,3,3,3,2
"Personas mayores","Otros","Bizkaia","Total",:,1,5,6,4,6,9,9,7,6,6,6,7,6,6,8,7,7,10,11,10,10,8,7,6,6,5,6,6,6
"Personas mayores","Otros","Bizkaia","Público",:,:,0,:,:,:,:,:,:,:,:,:,1,:,:,:,:,:,:,1,:,:,:,:,:,:,:,:,:,:
"Personas mayores","Otros","Bizkaia","Privado",:,1,5,6,4,6,9,9,7,6,6,6,6,6,6,8,7,7,10,10,10,10,8,7,6,6,5,6,6,6
"Personas mayores","Otros","Gipuzkoa","Total",1,1,1,1,1,1,1,1,2,2,1,:,:,1,1,1,1,1,:,3,3,3,2,3,3,4,5,4,4,5
"Personas mayores","Otros","Gipuzkoa","Público",:,:,0,:,:,:,:,:,:,:,:,:,:,:,:,:,:,:,:,:,:,:,:,:,:,1,1,:,:,2
"Personas mayores","Otros","Gipuzkoa","Privado",1,1,1,1,1,1,1,1,2,2,1,:,:,1,1,1,1,1,:,3,3,3,2,3,3,3,4,4,4,3
"Personas con discapacidad","Total","C.A. de Euskadi","Total",266,301,343,346,384,390,424,446,475,492,531,539,549,581,619,637,647,617,707,716,749,759,768,795,811,812,791,846,823,849
"Personas con discapacidad","Total","C.A. de Euskadi","Público",40,41,43,46,63,63,69,72,75,78,79,82,80,78,84,91,92,88,95,110,121,122,125,96,95,98,98,99,117,124
"Personas con discapacidad","Total","C.A. de Euskadi","Privado",226,260,300,300,321,327,355,374,400,414,452,457,469,503,535,546,555,529,612,606,628,637,643,699,716,714,693,747,706,725
"Personas con discapacidad","Total","Araba/Álava","Total",72,76,75,79,95,94,99,101,110,117,126,126,129,135,137,145,145,140,138,149,159,164,166,166,176,174,147,148,150,179
"Personas con discapacidad","Total","Araba/Álava","Público",26,26,26,27,40,39,42,42,43,45,46,46,45,46,48,48,50,49,51,66,76,78,80,51,53,53,53,52,65,70
"Personas con discapacidad","Total","Araba/Álava","Privado",46,50,49,52,55,55,57,59,67,72,80,80,84,89,89,97,95,91,87,83,83,86,86,115,123,121,94,96,85,109
"Personas con discapacidad","Total","Bizkaia","Total",105,115,151,151,166,164,184,190,205,209,230,229,236,257,287,291,299,274,343,337,351,354,350,363,364,360,369,416,378,372
"Personas con discapacidad","Total","Bizkaia","Público",9,9,11,13,14,14,14,15,17,16,15,16,15,14,15,19,17,16,20,20,20,20,20,20,18,18,19,20,20,20
"Personas con discapacidad","Total","Bizkaia","Privado",96,106,140,138,152,150,170,175,188,193,215,213,221,243,272,272,282,258,323,317,331,334,330,343,346,342,350,396,358,352
"Personas con discapacidad","Total","Gipuzkoa","Total",89,110,117,116,123,132,141,155,160,166,175,184,184,189,195,201,203,203,226,230,239,241,252,266,271,278,275,282,295,298
"Personas con discapacidad","Total","Gipuzkoa","Público",5,6,6,6,9,10,13,15,15,17,18,20,20,18,21,24,25,23,24,24,25,24,25,25,24,27,26,27,32,34
"Personas con discapacidad","Total","Gipuzkoa","Privado",84,104,111,110,114,122,128,140,145,149,157,164,164,171,174,177,178,180,202,206,214,217,227,241,247,251,249,255,263,264
"Personas con discapacidad","Asociaciones","C.A. de Euskadi","Total",61,75,87,93,100,99,105,108,118,122,127,126,123,120,125,126,122,119,126,118,125,133,134,133,131,135,132,133,134,131
"Personas con discapacidad","Asociaciones","C.A. de Euskadi","Público",:,:,0,:,:,:,:,:,:,:,:,:,:,:,:,:,:,:,:,:,:,:,:,:,:,:,:,:,:,:
"Personas con discapacidad","Asociaciones","C.A. de Euskadi","Privado",61,75,87,93,100,99,105,108,118,122,127,126,123,120,125,126,122,119,125,118,125,133,134,133,131,135,132,133,134,131
"Personas con discapacidad","Asociaciones","Araba/Álava","Total",22,26,25,26,32,30,29,29,30,32,34,33,33,34,33,35,34,34,36,31,33,37,38,36,38,39,38,37,36,37
"Personas con discapacidad","Asociaciones","Araba/Álava","Público",:,:,0,:,:,:,:,:,:,:,:,:,:,:,:,:,:,:,0,:,:,:,:,:,:,:,:,:,:,:
"Personas con discapacidad","Asociaciones","Araba/Álava","Privado",22,26,25,26,32,30,29,29,30,32,34,33,33,34,33,35,34,34,36,31,33,37,38,36,38,39,38,37,36,37
"Personas con discapacidad","Asociaciones","Bizkaia","Total",27,30,37,40,39,38,44,45,50,51,53,52,52,51,54,54,53,52,54,50,50,53,52,55,53,53,52,54,55,52
"Personas con discapacidad","Asociaciones","Bizkaia","Público",:,:,0,:,:,:,:,:,:,:,:,:,:,:,:,:,:,:,:,:,:,:,:,:,:,:,:,:,:,:
"Personas con discapacidad","Asociaciones","Bizkaia","Privado",27,30,37,40,39,38,44,45,50,51,53,52,52,51,54,54,53,52,53,50,50,53,52,55,53,53,52,54,55,52
"Personas con discapacidad","Asociaciones","Gipuzkoa","Total",12,19,25,27,29,31,32,34,38,39,40,41,38,35,38,37,35,33,36,37,42,43,44,42,40,43,42,42,43,42
"Personas con discapacidad","Asociaciones","Gipuzkoa","Público",:,:,0,:,:,:,:,:,:,:,:,:,:,:,:,:,:,:,0,:,:,:,:,:,:,:,:,:,:,:
"Personas con discapacidad","Asociaciones","Gipuzkoa","Privado",12,19,25,27,29,31,32,34,38,39,40,41,38,35,38,37,35,33,36,37,42,43,44,42,40,43,42,42,43,42
"Personas con discapacidad","Servicios técnicos generales","C.A. de Euskadi","Total",:,:,0,:,:,:,:,:,:,:,:,:,5,4,8,8,8,5,5,6,7,9,9,9,10,10,9,9,9,9
"Personas con discapacidad","Servicios técnicos generales","C.A. de Euskadi","Público",:,:,0,:,:,:,:,:,:,:,:,:,3,3,3,3,3,:,:,0,1,1,1,1,1,1,1,1,1,1
"Personas con discapacidad","Servicios técnicos generales","C.A. de Euskadi","Privado",:,:,0,:,:,:,:,:,:,:,:,:,2,1,5,5,5,5,5,6,6,8,8,8,9,9,8,8,8,8
"Personas con discapacidad","Servicios técnicos generales","Araba/Álava","Total",:,:,0,:,:,:,:,:,:,:,:,:,1,1,1,1,1,:,:,1,1,2,2,2,3,2,2,2,2,2
"Personas con discapacidad","Servicios técnicos generales","Araba/Álava","Público",:,:,0,:,:,:,:,:,:,:,:,:,1,1,1,1,1,:,:,:,:,:,:,:,:,:,:,:,:,:
"Personas con discapacidad","Servicios técnicos generales","Araba/Álava","Privado",:,:,0,:,:,:,:,:,:,:,:,:,:,:,:,:,:,:,:,1,1,2,2,2,3,2,2,2,2,2
"Personas con discapacidad","Servicios técnicos generales","Bizkaia","Total",:,:,0,:,:,:,:,:,:,:,:,:,3,2,4,4,4,3,:,3,4,5,5,5,5,6,5,5,5,5
"Personas con discapacidad","Servicios técnicos generales","Bizkaia","Público",:,:,0,:,:,:,:,:,:,:,:,:,1,1,1,1,1,:,:,0,1,1,1,1,1,1,1,1,1,1
"Personas con discapacidad","Servicios técnicos generales","Bizkaia","Privado",:,:,0,:,:,:,:,:,:,:,:,:,2,1,3,3,3,3,:,3,3,4,4,4,4,5,4,4,4,4
"Personas con discapacidad","Servicios técnicos generales","Gipuzkoa","Total",:,:,0,:,:,:,:,:,:,:,:,:,1,1,3,3,3,2,:,2,2,2,2,2,2,2,2,2,2,2
"Personas con discapacidad","Servicios técnicos generales","Gipuzkoa","Público",:,:,0,:,:,:,:,:,:,:,:,:,1,1,1,1,1,:,:,0,0,0,:,:,:,:,:,:,:,:
"Personas con discapacidad","Servicios técnicos generales","Gipuzkoa","Privado",:,:,0,:,:,:,:,:,:,:,:,:,:,:,2,2,2,2,:,2,2,2,2,2,2,2,2,2,2,2
"Personas con discapacidad","Centros de orientación","C.A. de Euskadi","Total",5,5,8,6,6,5,6,7,7,6,7,7,5,3,3,3,3,4,3,1,:,:,1,2,2,2,2,2,2,2
"Personas con discapacidad","Centros de orientación","C.A. de Euskadi","Público",3,3,3,3,3,3,4,5,5,4,6,6,3,3,3,3,3,4,3,1,:,:,1,2,2,2,2,2,2,2
"Personas con discapacidad","Centros de orientación","C.A. de Euskadi","Privado",2,2,5,3,3,2,2,2,2,2,1,1,2,:,:,:,:,:,:,:,:,:,:,:,:,:,:,:,:,:
"Personas con discapacidad","Centros de orientación","Araba/Álava","Total",1,1,1,1,1,1,2,2,2,2,2,2,2,1,1,1,1,2,:,1,:,:,:,1,1,1,1,1,1,1
"Personas con discapacidad","Centros de orientación","Araba/Álava","Público",1,1,1,1,1,1,2,2,2,2,2,2,1,1,1,1,1,2,:,1,:,:,:,1,1,1,1,1,1,1
"Personas con discapacidad","Centros de orientación","Araba/Álava","Privado",:,:,0,:,:,:,:,:,:,:,:,:,1,:,:,:,:,:,:,:,:,:,:,:,:,:,:,:,:,:
"Personas con discapacidad","Centros de orientación","Bizkaia","Total",3,3,6,4,4,3,3,4,4,3,3,3,1,1,1,1,1,1,:,:,:,:,:,:,:,:,:,:,:,:
"Personas con discapacidad","Centros de orientación","Bizkaia","Público",1,1,1,1,1,1,1,2,2,1,2,2,1,1,1,1,1,1,:,:,:,:,:,:,:,:,:,:,:,:
"Personas con discapacidad","Centros de orientación","Bizkaia","Privado",2,2,5,3,3,2,2,2,2,2,1,1,:,:,:,:,:,:,:,:,:,:,:,:,:,:,:,:,:,:
"Personas con discapacidad","Centros de orientación","Gipuzkoa","Total",1,1,1,1,1,1,1,1,1,1,2,2,2,1,1,1,1,1,:,:,:,:,1,1,1,1,1,1,1,1
"Personas con discapacidad","Centros de orientación","Gipuzkoa","Público",1,1,1,1,1,1,1,1,1,1,2,2,1,1,1,1,1,1,:,:,:,:,1,1,1,1,1,1,1,1
"Personas con discapacidad","Centros de orientación","Gipuzkoa","Privado",:,:,0,:,:,:,:,:,:,:,:,:,1,:,:,:,:,:,:,:,:,:,:,:,:,:,:,:,:,:
"Personas con discapacidad","Centros de día","C.A. de Euskadi","Total",37,41,47,47,62,63,67,72,76,84,93,92,95,99,101,104,112,115,118,120,124,123,123,123,126,127,128,129,131,131
"Personas con discapacidad","Centros de día","C.A. de Euskadi","Público",1,2,2,2,5,6,8,8,9,11,11,13,13,12,16,17,18,18,18,19,19,20,20,20,20,21,21,19,21,23
"Personas con discapacidad","Centros de día","C.A. de Euskadi","Privado",36,39,45,45,57,57,59,64,67,73,82,79,82,87,85,87,94,97,100,101,105,103,103,103,106,106,107,110,110,108
"Personas con discapacidad","Centros de día","Araba/Álava","Total",4,4,4,4,6,7,7,7,7,7,8,8,8,8,9,10,10,10,10,9,9,11,11,11,11,11,12,11,12,13
"Personas con discapacidad","Centros de día","Araba/Álava","Público",:,:,0,:,2,3,3,3,3,3,3,3,3,3,4,4,4,4,4,4,4,6,6,6,6,6,6,5,7,8
"Personas con discapacidad","Centros de día","Araba/Álava","Privado",4,4,4,4,4,4,4,4,4,4,5,5,5,5,5,6,6,6,6,5,5,5,5,5,5,5,6,6,5,5
"Personas con discapacidad","Centros de día","Bizkaia","Total",21,23,27,27,38,37,37,38,42,44,50,49,51,50,50,50,55,55,59,59,62,60,60,59,60,60,61,61,60,56
"Personas con discapacidad","Centros de día","Bizkaia","Público",1,1,1,1,2,2,2,2,4,4,4,4,4,3,4,4,4,4,4,4,4,3,3,3,3,3,3,2,2,2
"Personas con discapacidad","Centros de día","Bizkaia","Privado",20,22,26,26,36,35,35,36,38,40,46,45,47,47,46,46,51,51,55,55,58,57,57,56,57,57,58,59,58,54
"Personas con discapacidad","Centros de día","Gipuzkoa","Total",12,14,16,16,18,19,23,27,27,33,35,35,36,41,42,44,47,50,49,52,53,52,52,53,55,56,55,57,59,62
"Personas con discapacidad","Centros de día","Gipuzkoa","Público",:,1,1,1,1,1,3,3,2,4,4,6,6,6,8,9,10,10,10,11,11,11,11,11,11,12,12,12,12,13
"Personas con discapacidad","Centros de día","Gipuzkoa","Privado",12,13,15,15,17,18,20,24,25,29,31,29,30,35,34,35,37,40,39,41,42,41,41,42,44,44,43,45,47,49
"Personas con discapacidad","Residencias","C.A. de Euskadi","Total",58,62,66,68,76,76,87,89,94,98,109,111,115,138,160,164,169,152,207,226,247,244,248,259,265,268,250,296,267,296
"Personas con discapacidad","Residencias","C.A. de Euskadi","Público",15,15,15,16,30,30,32,34,37,39,40,41,39,38,40,43,45,43,49,64,74,73,75,44,44,46,46,49,64,68
"Personas con discapacidad","Residencias","C.A. de Euskadi","Privado",43,47,51,52,46,46,55,55,57,59,69,70,76,100,120,121,124,109,158,162,173,171,173,215,221,222,204,247,203,228
"Personas con discapacidad","Residencias","Araba/Álava","Total",19,19,19,21,24,23,25,24,26,29,34,34,34,35,36,38,39,39,38,58,69,69,71,66,68,68,42,42,44,73
"Personas con discapacidad","Residencias","Araba/Álava","Público",8,8,8,8,19,18,19,19,20,22,23,23,22,23,24,24,26,25,26,42,53,53,55,24,25,25,25,25,35,38
"Personas con discapacidad","Residencias","Araba/Álava","Privado",11,11,11,13,5,5,6,5,6,7,11,11,12,12,12,14,13,14,12,16,16,16,16,42,43,43,17,17,9,35
"Personas con discapacidad","Residencias","Bizkaia","Total",16,18,23,22,23,23,30,29,30,30,32,30,32,53,74,71,75,56,108,102,112,110,106,118,119,119,128,171,129,125
"Personas con discapacidad","Residencias","Bizkaia","Público",4,4,4,5,5,5,5,5,5,5,5,6,5,5,5,6,6,6,10,9,8,8,8,8,8,8,9,11,11,11
"Personas con discapacidad","Residencias","Bizkaia","Privado",12,14,19,17,18,18,25,24,25,25,27,24,27,48,69,65,69,50,98,93,104,102,98,110,111,111,119,160,118,114
"Personas con discapacidad","Residencias","Gipuzkoa","Total",23,25,24,25,29,30,32,36,38,39,43,47,49,50,50,55,55,57,61,66,66,65,71,75,78,81,80,83,94,98
"Personas con discapacidad","Residencias","Gipuzkoa","Público",3,3,3,3,6,7,8,10,12,12,12,12,12,10,11,13,13,12,13,13,13,12,12,12,11,13,12,13,18,19
"Personas con discapacidad","Residencias","Gipuzkoa","Privado",20,22,21,22,23,23,24,26,26,27,31,35,37,40,39,42,42,45,48,53,53,53,59,63,67,68,68,70,76,79
"Personas con discapacidad","C.O.-C.E.E.","C.A. de Euskadi","Total",88,100,119,117,123,129,135,144,154,157,169,171,169,183,187,194,193,185,202,202,200,200,200,212,218,218,217,220,220,217
"Personas con discapacidad","C.O.-C.E.E.","C.A. de Euskadi","Público",20,20,22,24,24,24,25,25,24,24,22,22,22,22,22,24,22,22,22,24,24,25,25,25,24,24,24,24,25,26
"Personas con discapacidad","C.O.-C.E.E.","C.A. de Euskadi","Privado",68,80,97,93,99,105,110,119,130,133,147,149,147,161,165,170,171,163,180,178,176,175,175,187,194,194,193,196,195,191
"Personas con discapacidad","C.O.-C.E.E.","Araba/Álava","Total",24,24,24,25,29,29,30,31,38,40,42,43,41,46,45,47,46,41,39,38,36,35,36,39,42,41,40,42,42,40
"Personas con discapacidad","C.O.-C.E.E.","Araba/Álava","Público",16,16,16,17,17,17,18,18,18,18,18,18,18,18,18,18,18,18,18,18,18,18,18,18,19,19,19,19,20,21
"Personas con discapacidad","C.O.-C.E.E.","Araba/Álava","Privado",8,8,8,8,12,12,12,13,20,22,24,25,23,28,27,29,28,23,21,20,18,17,18,21,23,22,21,23,22,19
"Personas con discapacidad","C.O.-C.E.E.","Bizkaia","Total",26,29,48,48,50,51,54,58,62,64,73,74,75,82,87,94,95,92,99,100,100,101,100,100,102,103,103,103,105,107
"Personas con discapacidad","C.O.-C.E.E.","Bizkaia","Público",3,3,5,6,6,6,6,6,6,6,4,4,4,4,4,6,4,4,4,6,6,7,7,7,5,5,5,5,5,5
"Personas con discapacidad","C.O.-C.E.E.","Bizkaia","Privado",23,26,43,42,44,45,48,52,56,58,69,70,71,78,83,88,91,88,95,94,94,94,93,93,97,98,98,98,100,102
"Personas con discapacidad","C.O.-C.E.E.","Gipuzkoa","Total",38,47,47,44,44,49,51,55,54,53,54,54,53,55,55,53,52,52,64,64,64,64,64,73,74,74,74,75,73,70
"Personas con discapacidad","C.O.-C.E.E.","Gipuzkoa","Público",1,1,1,1,1,1,1,1,:,:,:,:,:,:,:,:,:,:,:,:,:,:,:,:,:,:,:,:,:,:
"Personas con discapacidad","C.O.-C.E.E.","Gipuzkoa","Privado",37,46,46,43,43,48,50,54,54,53,54,54,53,55,55,53,52,52,64,64,64,64,64,73,74,74,74,75,73,70
"Personas con discapacidad","Otros","C.A. de Euskadi","Total",17,18,16,15,17,18,24,26,26,25,26,32,37,34,35,38,40,37,46,43,46,50,53,57,59,52,53,57,60,63
"Personas con discapacidad","Otros","C.A. de Euskadi","Público",:,1,1,1,1,:,:,:,:,:,:,:,:,:,:,1,1,1,:,2,3,3,3,4,4,4,4,4,4,4
"Personas con discapacidad","Otros","C.A. de Euskadi","Privado",16,17,15,14,16,18,24,26,26,25,26,32,37,34,35,37,39,36,:,41,43,47,50,53,55,48,49,53,56,59
"Personas con discapacidad","Otros","Araba/Álava","Total",2,2,2,2,3,4,6,8,7,7,6,6,10,10,12,13,14,14,13,11,11,10,8,11,13,12,12,13,13,13
"Personas con discapacidad","Otros","Araba/Álava","Público",:,1,1,1,1,:,:,:,:,:,:,:,:,:,:,:,:,:,:,1,1,1,1,2,2,2,2,2,2,2
"Personas con discapacidad","Otros","Araba/Álava","Privado",1,1,1,1,2,4,6,8,7,7,6,6,10,10,12,13,14,14,:,10,10,9,7,9,11,10,10,11,11,11
"Personas con discapacidad","Otros","Bizkaia","Total",12,12,10,10,12,12,16,16,17,17,19,21,22,18,17,17,16,15,20,23,23,25,27,26,25,19,20,22,24,27
"Personas con discapacidad","Otros","Bizkaia","Público",:,:,0,:,:,:,:,:,:,:,:,:,:,:,:,1,1,1,:,1,1,1,1,1,1,1,1,1,1,1
"Personas con discapacidad","Otros","Bizkaia","Privado",12,12,10,10,12,12,16,16,17,17,19,21,22,18,17,16,15,14,:,22,22,24,26,25,24,18,19,21,23,26
"Personas con discapacidad","Otros","Gipuzkoa","Total",3,4,4,3,2,2,2,2,2,1,1,5,5,6,6,8,10,8,13,9,12,15,18,20,21,21,21,22,23,23
"Personas con discapacidad","Otros","Gipuzkoa","Público",:,:,0,:,:,:,:,:,:,:,:,:,:,:,:,:,:,:,:,:,1,1,1,1,1,1,1,1,1,1
"Personas con discapacidad","Otros","Gipuzkoa","Privado",3,4,4,3,2,2,2,2,2,1,1,5,5,6,6,8,10,8,13,9,11,14,17,19,20,20,20,21,22,22
"Exclusión social","Total","C.A. de Euskadi","Total",209,227,218,207,219,232,240,261,281,306,336,343,385,417,487,554,596,505,620,575,565,594,769,813,844,820,817,851,871,984
"Exclusión social","Total","C.A. de Euskadi","Público",26,32,33,30,36,40,50,52,59,60,63,69,86,116,131,140,151,118,152,155,154,159,253,250,229,266,243,208,193,249
"Exclusión social","Total","C.A. de Euskadi","Privado",183,195,185,177,183,192,190,209,222,246,273,274,299,301,356,414,445,387,468,420,411,435,516,563,615,554,574,643,678,735
"Exclusión social","Total","Araba/Álava","Total",45,47,49,43,56,60,56,58,64,62,72,74,81,75,80,82,86,83,95,90,92,95,104,116,123,116,106,140,161,171
"Exclusión social","Total","Araba/Álava","Público",9,10,10,9,18,20,22,22,26,26,30,32,34,35,37,37,35,35,44,45,44,47,50,57,57,51,41,51,49,66
"Exclusión social","Total","Araba/Álava","Privado",36,37,39,34,38,40,34,36,38,36,42,42,47,40,43,45,51,48,51,45,48,48,54,59,66,65,65,89,112,105
"Exclusión social","Total","Bizkaia","Total",100,110,103,99,102,106,115,124,137,156,171,179,193,220,267,296,317,260,326,274,267,299,437,470,466,440,465,431,436,499
"Exclusión social","Total","Bizkaia","Público",2,2,2,2,2,2,9,8,10,13,11,12,16,20,23,26,26,31,25,28,28,31,106,101,72,105,110,53,50,60
"Exclusión social","Total","Bizkaia","Privado",98,108,101,97,100,104,106,116,127,143,160,167,177,200,244,270,291,229,301,246,239,268,331,369,394,335,355,378,386,439
"Exclusión social","Total","Gipuzkoa","Total",64,70,66,65,61,66,69,79,80,88,93,90,111,122,140,176,193,162,199,211,206,200,228,227,255,264,246,280,274,314
"Exclusión social","Total","Gipuzkoa","Público",15,20,21,19,16,18,19,22,23,21,22,25,36,61,71,77,90,52,83,82,82,81,97,92,100,110,92,104,94,123
"Exclusión social","Total","Gipuzkoa","Privado",49,50,45,46,45,48,50,57,57,67,71,65,75,61,69,99,103,110,116,129,124,119,131,135,155,154,154,176,180,191
"Exclusión social","Asociaciones","C.A. de Euskadi","Total",49,52,39,29,22,25,26,36,39,46,42,39,37,35,38,42,40,42,43,46,46,52,52,52,53,46,49,46,47,41
"Exclusión social","Asociaciones","C.A. de Euskadi","Público",:,:,0,:,:,:,:,:,:,:,:,:,:,:,:,:,:,:,0,:,:,:,:,:,:,:,:,:,:,:
"Exclusión social","Asociaciones","C.A. de Euskadi","Privado",49,52,39,29,22,25,26,36,39,46,42,39,37,35,38,42,40,42,43,46,46,52,52,52,53,46,49,46,47,41
"Exclusión social","Asociaciones","Araba/Álava","Total",6,8,9,4,7,6,6,7,9,10,10,11,11,12,11,12,11,10,10,10,10,11,12,11,11,8,8,8,9,7
"Exclusión social","Asociaciones","Araba/Álava","Público",:,:,0,:,:,:,:,:,:,:,:,:,:,:,:,:,:,:,:,:,:,:,:,:,:,:,:,:,:,:
"Exclusión social","Asociaciones","Araba/Álava","Privado",6,8,9,4,7,6,6,7,9,10,10,11,11,12,11,12,11,10,10,10,10,11,12,11,11,8,8,8,9,7
"Exclusión social","Asociaciones","Bizkaia","Total",25,28,19,15,10,13,13,18,21,21,21,20,17,14,17,18,14,16,17,17,20,22,21,24,24,21,22,22,22,19
"Exclusión social","Asociaciones","Bizkaia","Público",:,:,0,:,:,:,:,:,:,:,:,:,:,:,:,:,:,:,:,:,:,:,:,:,:,:,:,:,:,:
"Exclusión social","Asociaciones","Bizkaia","Privado",25,28,19,15,10,13,13,18,21,21,21,20,17,14,17,18,14,16,17,17,20,22,21,24,24,21,22,22,22,19
"Exclusión social","Asociaciones","Gipuzkoa","Total",18,16,11,10,5,6,7,11,9,15,11,8,9,9,10,12,15,16,16,19,16,19,19,17,18,17,19,16,16,15
"Exclusión social","Asociaciones","Gipuzkoa","Público",:,:,0,:,:,:,:,:,:,:,:,:,:,:,:,:,:,:,0,:,:,:,:,:,:,:,:,:,:,:
"Exclusión social","Asociaciones","Gipuzkoa","Privado",18,16,11,10,5,6,7,11,9,15,11,8,9,9,10,12,15,16,16,19,16,19,19,17,18,17,19,16,16,15
"Exclusión social","Servicios técnicos generales","C.A. de Euskadi","Total",3,2,0,:,:,1,4,4,4,5,6,6,11,16,23,25,27,31,28,31,29,27,25,25,26,25,26,30,34,34
"Exclusión social","Servicios técnicos generales","C.A. de Euskadi","Público",:,:,0,:,:,1,4,4,4,5,6,6,9,13,18,20,22,25,23,25,24,24,22,21,22,21,23,27,30,30
"Exclusión social","Servicios técnicos generales","C.A. de Euskadi","Privado",3,2,0,:,:,:,:,:,:,:,:,:,2,3,5,5,5,6,5,6,5,3,3,4,4,4,3,3,4,4
"Exclusión social","Servicios técnicos generales","Araba/Álava","Total",:,:,0,:,:,1,1,1,1,1,3,3,3,4,4,4,4,4,4,5,4,3,2,3,4,4,4,4,5,5
"Exclusión social","Servicios técnicos generales","Araba/Álava","Público",:,:,0,:,:,1,1,1,1,1,3,3,3,4,4,4,4,4,4,5,4,3,2,3,4,4,4,4,4,4
"Exclusión social","Servicios técnicos generales","Araba/Álava","Privado",:,:,0,:,:,:,:,:,:,:,:,:,:,:,:,:,:,:,:,0,0,0,0,:,:,:,:,:,1,1
"Exclusión social","Servicios técnicos generales","Bizkaia","Total",:,:,0,:,:,:,2,2,2,3,2,2,4,8,12,13,15,17,15,16,15,15,14,13,13,13,14,15,16,16
"Exclusión social","Servicios técnicos generales","Bizkaia","Público",:,:,0,:,:,:,2,2,2,3,2,2,4,7,9,10,12,14,:,13,13,14,13,12,12,12,13,14,15,15
"Exclusión social","Servicios técnicos generales","Bizkaia","Privado",:,:,0,:,:,:,:,:,:,:,:,:,:,1,3,3,3,3,:,3,2,1,1,1,1,1,1,1,1,1
"Exclusión social","Servicios técnicos generales","Gipuzkoa","Total",3,2,0,:,:,:,1,1,1,1,1,1,4,4,7,8,8,10,9,10,10,9,9,9,9,8,8,11,13,13
"Exclusión social","Servicios técnicos generales","Gipuzkoa","Público",:,:,0,:,:,:,1,1,1,1,1,1,2,2,5,6,6,7,:,7,7,7,7,6,6,5,6,9,11,11
"Exclusión social","Servicios técnicos generales","Gipuzkoa","Privado",3,2,0,:,:,:,:,:,:,:,:,:,2,2,2,2,2,3,:,3,3,2,2,3,3,3,2,2,2,2
"Exclusión social","Centros de orientación","C.A. de Euskadi","Total",7,7,5,2,1,:,:,:,:,:,:,:,:,:,:,:,1,:,:,:,:,:,:,:,:,:,:,:,:,:
"Exclusión social","Centros de orientación","C.A. de Euskadi","Público",:,:,0,:,1,:,:,:,:,:,:,:,:,:,:,:,:,:,:,:,:,:,:,:,:,:,:,:,:,:
"Exclusión social","Centros de orientación","C.A. de Euskadi","Privado",7,7,5,2,:,:,:,:,:,:,:,:,:,:,:,:,1,:,:,:,:,:,:,:,:,:,:,:,:,:
"Exclusión social","Centros de orientación","Araba/Álava","Total",:,:,0,:,1,:,:,:,:,:,:,:,:,:,:,:,:,:,:,:,:,:,:,:,:,:,:,:,:,:
"Exclusión social","Centros de orientación","Araba/Álava","Público",:,:,0,:,1,:,:,:,:,:,:,:,:,:,:,:,:,:,:,:,:,:,:,:,:,:,:,:,:,:
"Exclusión social","Centros de orientación","Araba/Álava","Privado",:,:,0,:,:,:,:,:,:,:,:,:,:,:,:,:,:,:,:,:,:,:,:,:,:,:,:,:,:,:
"Exclusión social","Centros de orientación","Bizkaia","Total",2,2,0,:,:,:,:,:,:,:,:,:,:,:,:,:,1,:,:,:,:,:,:,:,:,:,:,:,:,:
"Exclusión social","Centros de orientación","Bizkaia","Público",:,:,0,:,:,:,:,:,:,:,:,:,:,:,:,:,:,:,:,:,:,:,:,:,:,:,:,:,:,:
"Exclusión social","Centros de orientación","Bizkaia","Privado",2,2,0,:,:,:,:,:,:,:,:,:,:,:,:,:,1,:,:,:,:,:,:,:,:,:,:,:,:,:
"Exclusión social","Centros de orientación","Gipuzkoa","Total",5,5,5,2,:,:,:,:,:,:,:,:,:,:,:,:,:,:,:,:,:,:,:,:,:,:,:,:,:,:
"Exclusión social","Centros de orientación","Gipuzkoa","Público",:,:,0,:,:,:,:,:,:,:,:,:,:,:,:,:,:,:,:,:,:,:,:,:,:,:,:,:,:,:
"Exclusión social","Centros de orientación","Gipuzkoa","Privado",5,5,5,2,:,:,:,:,:,:,:,:,:,:,:,:,:,:,:,:,:,:,:,:,:,:,:,:,:,:
"Exclusión social","Centros de día","C.A. de Euskadi","Total",15,14,9,9,15,15,16,16,16,17,19,20,39,45,49,50,51,45,34,38,39,40,42,42,45,49,47,46,49,58
"Exclusión social","Centros de día","C.A. de Euskadi","Público",:,:,0,:,2,2,2,2,2,2,2,3,3,3,3,3,3,2,:,2,2,3,4,5,5,8,8,8,8,11
"Exclusión social","Centros de día","C.A. de Euskadi","Privado",15,14,9,9,13,13,14,14,14,15,17,17,36,42,46,47,48,43,:,36,37,37,38,37,40,41,39,38,41,47
"Exclusión social","Centros de día","Araba/Álava","Total",1,1,1,1,3,3,3,3,2,2,2,2,2,2,2,2,4,3,3,3,3,4,4,3,3,4,5,4,4,4
"Exclusión social","Centros de día","Araba/Álava","Público",:,:,0,:,1,1,1,1,1,1,1,1,1,1,1,1,1,1,:,1,1,1,1,1,1,1,2,2,2,3
"Exclusión social","Centros de día","Araba/Álava","Privado",1,1,1,1,2,2,2,2,1,1,1,1,1,1,1,1,3,2,:,2,2,3,3,2,2,3,3,2,2,1
"Exclusión social","Centros de día","Bizkaia","Total",13,12,7,7,10,10,11,11,12,13,15,15,33,39,42,43,42,37,25,26,27,28,30,30,33,35,33,32,33,39
"Exclusión social","Centros de día","Bizkaia","Público",:,:,0,:,:,:,:,:,:,:,:,:,:,:,:,:,:,:,:,:,:,:,1,2,2,4,3,3,3,6
"Exclusión social","Centros de día","Bizkaia","Privado",13,12,7,7,10,10,11,11,12,13,15,15,33,39,42,43,42,37,25,26,27,28,29,28,31,31,30,29,30,33
"Exclusión social","Centros de día","Gipuzkoa","Total",1,1,1,1,2,2,2,2,2,2,2,3,4,4,5,5,5,5,6,9,9,8,8,9,9,10,9,10,12,15
"Exclusión social","Centros de día","Gipuzkoa","Público",:,:,0,:,1,1,1,1,1,1,1,2,2,2,2,2,2,1,:,1,1,2,2,2,2,3,3,3,3,2
"Exclusión social","Centros de día","Gipuzkoa","Privado",1,1,1,1,1,1,1,1,1,1,1,1,2,2,3,3,3,4,:,8,8,6,6,7,7,7,6,7,9,13
"Exclusión social","Residencias","C.A. de Euskadi","Total",69,80,77,75,85,88,90,94,99,103,118,126,146,200,248,291,331,241,358,311,299,313,479,533,544,530,529,549,558,667
"Exclusión social","Residencias","C.A. de Euskadi","Público",24,30,30,29,31,33,32,35,39,37,40,45,57,83,92,96,113,77,116,119,119,124,219,215,192,228,204,164,146,199
"Exclusión social","Residencias","C.A. de Euskadi","Privado",45,50,47,46,54,55,58,59,60,66,78,81,89,117,156,195,218,164,242,192,180,189,260,318,352,302,325,385,412,468
"Exclusión social","Residencias","Araba/Álava","Total",12,12,13,13,20,21,21,21,24,24,27,29,30,30,35,34,37,35,51,47,51,52,57,71,72,63,53,87,108,119
"Exclusión social","Residencias","Araba/Álava","Público",7,8,8,8,14,15,15,15,18,18,21,23,25,25,27,26,26,25,34,36,37,41,45,51,50,44,33,43,41,57
"Exclusión social","Residencias","Araba/Álava","Privado",5,4,5,5,6,6,6,6,6,6,6,6,5,5,8,8,11,10,17,11,14,11,12,20,22,19,20,44,67,62
"Exclusión social","Residencias","Bizkaia","Total",25,29,27,27,31,32,35,36,37,44,51,55,62,95,128,145,170,115,182,133,118,136,269,310,292,278,306,268,265,325
"Exclusión social","Residencias","Bizkaia","Público",2,2,2,2,2,2,3,3,3,3,2,3,5,7,7,7,11,13,10,12,12,15,90,85,56,87,92,34,30,37
"Exclusión social","Residencias","Bizkaia","Privado",23,27,25,25,29,30,32,33,34,41,49,52,57,88,121,138,159,102,172,121,106,121,179,225,236,191,214,234,235,288
"Exclusión social","Residencias","Gipuzkoa","Total",32,39,37,35,34,35,34,37,38,35,40,42,54,75,85,112,124,91,125,131,130,125,153,152,180,189,170,194,185,223
"Exclusión social","Residencias","Gipuzkoa","Público",15,20,20,19,15,16,14,17,18,16,17,19,27,51,58,63,76,39,72,71,70,68,84,79,86,97,79,87,75,105
"Exclusión social","Residencias","Gipuzkoa","Privado",17,19,17,16,19,19,20,20,20,19,23,23,27,24,27,49,48,52,53,60,60,57,69,73,94,92,91,107,110,118
"Exclusión social","C.O.-C.E.E.","C.A. de Euskadi","Total",:,:,0,:,:,:,:,:,:,:,:,:,6,:,:,:,:,:,:,:,:,:,:,:,:,:,:,:,:,:
"Exclusión social","C.O.-C.E.E.","C.A. de Euskadi","Público",:,:,0,:,:,:,:,:,:,:,:,:,1,:,:,:,:,:,:,:,:,:,:,:,:,:,:,:,:,:
"Exclusión social","C.O.-C.E.E.","C.A. de Euskadi","Privado",:,:,0,:,:,:,:,:,:,:,:,:,5,:,:,:,:,:,:,:,:,:,:,:,:,:,:,:,:,:
"Exclusión social","C.O.-C.E.E.","Araba/Álava","Total",:,:,0,:,:,:,:,:,:,:,:,:,1,:,:,:,:,:,:,:,:,:,:,:,:,:,:,:,:,:
"Exclusión social","C.O.-C.E.E.","Araba/Álava","Público",:,:,0,:,:,:,:,:,:,:,:,:,:,:,:,:,:,:,:,:,:,:,:,:,:,:,:,:,:,:
"Exclusión social","C.O.-C.E.E.","Araba/Álava","Privado",:,:,0,:,:,:,:,:,:,:,:,:,1,:,:,:,:,:,:,:,:,:,:,:,:,:,:,:,:,:
"Exclusión social","C.O.-C.E.E.","Bizkaia","Total",:,:,0,:,:,:,:,:,:,:,:,:,4,:,:,:,:,:,:,:,:,:,:,:,:,:,:,:,:,:
"Exclusión social","C.O.-C.E.E.","Bizkaia","Público",:,:,0,:,:,:,:,:,:,:,:,:,:,:,:,:,:,:,:,:,:,:,:,:,:,:,:,:,:,:
"Exclusión social","C.O.-C.E.E.","Bizkaia","Privado",:,:,0,:,:,:,:,:,:,:,:,:,4,:,:,:,:,:,:,:,:,:,:,:,:,:,:,:,:,:
"Exclusión social","C.O.-C.E.E.","Gipuzkoa","Total",:,:,0,:,:,:,:,:,:,:,:,:,1,:,:,:,:,:,:,:,:,:,:,:,:,:,:,:,:,:
"Exclusión social","C.O.-C.E.E.","Gipuzkoa","Público",:,:,0,:,:,:,:,:,:,:,:,:,1,:,:,:,:,:,:,:,:,:,:,:,:,:,:,:,:,:
"Exclusión social","C.O.-C.E.E.","Gipuzkoa","Privado",:,:,0,:,:,:,:,:,:,:,:,:,:,:,:,:,:,:,:,:,:,:,:,:,:,:,:,:,:,:
"Exclusión social","Otros","C.A. de Euskadi","Total",66,72,88,92,96,103,104,111,123,135,151,152,146,121,129,146,146,146,157,149,152,162,171,161,176,170,166,180,183,184
"Exclusión social","Otros","C.A. de Euskadi","Público",2,2,3,1,2,4,12,11,14,16,15,15,16,17,18,21,13,14,11,9,9,8,8,9,10,9,8,9,9,9
"Exclusión social","Otros","C.A. de Euskadi","Privado",64,70,85,91,94,99,92,100,109,119,136,137,130,104,111,125,133,132,146,140,143,154,163,152,166,161,158,171,174,175
"Exclusión social","Otros","Araba/Álava","Total",26,26,26,25,25,29,25,26,28,25,30,29,34,27,28,30,30,31,27,25,24,25,29,28,33,37,36,37,35,36
"Exclusión social","Otros","Araba/Álava","Público",2,2,2,1,2,3,5,5,6,6,5,5,5,5,5,6,4,5,5,3,2,2,2,2,2,2,2,2,2,2
"Exclusión social","Otros","Araba/Álava","Privado",24,24,24,24,23,26,20,21,22,19,25,24,29,22,23,24,26,26,22,22,22,23,27,26,31,35,34,35,33,34
"Exclusión social","Otros","Bizkaia","Total",35,39,50,50,51,51,54,57,65,75,82,87,73,64,68,77,75,75,87,82,87,98,103,93,104,93,90,94,100,100
"Exclusión social","Otros","Bizkaia","Público",:,:,0,:,:,:,4,3,5,7,7,7,7,6,7,9,3,4,:,3,3,2,2,2,2,2,2,2,2,2
"Exclusión social","Otros","Bizkaia","Privado",35,39,50,50,51,51,50,54,60,68,75,80,66,58,61,68,72,71,:,79,84,96,101,91,102,91,88,92,98,98
"Exclusión social","Otros","Gipuzkoa","Total",5,7,12,17,20,23,25,28,30,35,39,36,39,30,33,39,41,40,43,42,41,39,39,40,39,40,40,49,48,48
"Exclusión social","Otros","Gipuzkoa","Público",:,:,1,:,:,1,3,3,3,3,3,3,4,6,6,6,6,5,:,3,4,4,4,5,6,5,4,5,5,5
"Exclusión social","Otros","Gipuzkoa","Privado",5,7,11,17,20,22,22,25,27,32,36,33,35,24,27,33,35,35,:,39,37,35,35,35,33,35,36,44,43,43
