"Personas mayores: Centros, plazas y personas usuarias de la C.A. de Euskadi por tipo de población, centros, plazas, personas usuarias, territorio histórico, titularidad y periodo"

"tipo de población","centros, plazas, personas usuarias","territorio histórico","titularidad","1994","1995","1996","1997","1998","1999","2000","2001","2002","2003","2004","2005","2006","2007","2008","2009","2010","2011","2012","2013","2014","2015","2016","2017","2018","2019","2020","2021","2022","2023"
"Total","-Centros","C.A. de Euskadi","Total",153,166,171,184,238,282,290,305,320,345,356,369,389,406,405,430,431,426,432,428,420,429,432,432,445,448,434,432,427,427
"Total","-Centros","C.A. de Euskadi","Público",65,70,68,68,82,87,90,96,97,100,105,107,109,118,122,142,133,140,141,155,152,156,154,155,164,158,146,145,147,147
"Total","-Centros","C.A. de Euskadi","Privado",88,96,103,116,156,195,200,209,223,245,251,262,280,288,283,288,298,286,291,273,268,273,278,277,281,290,288,287,280,280
"Total","-Centros","Araba/Álava","Total",28,31,32,37,54,62,63,63,66,70,69,67,71,75,73,75,82,82,85,82,84,85,87,89,93,98,98,94,94,93
"Total","-Centros","Araba/Álava","Público",16,19,19,20,21,23,24,26,25,25,27,27,27,27,27,27,27,27,28,28,28,28,27,27,27,27,26,26,26,26
"Total","-Centros","Araba/Álava","Privado",12,12,13,17,33,39,39,37,41,45,42,40,44,48,46,48,55,55,57,54,56,57,60,62,66,71,72,68,68,67
"Total","-Centros","Bizkaia","Total",72,79,84,92,122,147,149,160,172,183,191,205,219,227,225,232,234,226,222,219,211,216,219,216,217,226,222,221,217,215
"Total","-Centros","Bizkaia","Público",17,17,18,17,19,19,19,19,19,20,20,21,22,30,32,38,37,38,31,40,40,41,41,42,42,46,46,44,45,44
"Total","-Centros","Bizkaia","Privado",55,62,66,75,103,128,130,141,153,163,171,184,197,197,193,194,197,188,191,179,171,175,178,174,175,180,176,177,172,171
"Total","-Centros","Gipuzkoa","Total",53,56,55,55,62,73,78,82,82,92,96,97,99,104,107,123,115,118,125,127,125,128,126,127,135,124,114,117,116,119
"Total","-Centros","Gipuzkoa","Público",32,34,31,31,42,45,47,51,53,55,58,59,60,61,63,77,69,75,82,87,84,87,86,86,95,85,74,75,76,77
"Total","-Centros","Gipuzkoa","Privado",21,22,24,24,20,28,31,31,29,37,38,38,39,43,44,46,46,43,43,40,41,41,40,41,40,39,40,42,40,42
"Total","-Plazas","C.A. de Euskadi","Total",9139,9644,9566,9790,10653,11588,11668,12125,13006,14550,15038,15559,16809,18051,18108,19533,19873,19915,20025,19859,19921,20086,20400,20475,20654,20949,20982,21151,21138,21171
"Total","-Plazas","C.A. de Euskadi","Público",4144,4501,4373,4402,5091,5414,5414,5532,5352,5081,5408,5468,5326,6150,6213,6871,6786,7335,6530,7476,7358,7366,7542,7517,7504,7487,7485,7319,7341,7292
"Total","-Plazas","C.A. de Euskadi","Privado",4995,5143,5193,5388,5562,6174,6254,6593,7654,9469,9630,10091,11483,11901,11895,12662,13087,12580,13495,12383,12563,12720,12858,12958,13150,13462,13497,13832,13797,13879
"Total","-Plazas","Araba/Álava","Total",1553,1649,1630,1692,1879,1994,2013,2114,2304,2498,2559,2485,2582,2639,2641,2718,2816,2793,2865,2851,2900,2975,3051,3088,3257,3489,3429,3527,3569,3555
"Total","-Plazas","Araba/Álava","Público",1084,1178,1145,1191,1155,1224,1245,1352,1177,1197,1390,1390,1390,1392,1378,1383,1349,1328,1353,1336,1348,1333,1343,1343,1342,1331,1303,1304,1302,1296
"Total","-Plazas","Araba/Álava","Privado",469,471,485,501,724,770,768,762,1127,1301,1169,1095,1192,1247,1263,1335,1467,1465,1512,1515,1552,1642,1708,1745,1915,2158,2126,2223,2267,2259
"Total","-Plazas","Bizkaia","Total",4502,4751,4681,4812,5330,5636,5603,5888,6526,7368,7559,8076,9093,10088,10052,10924,11117,11217,11075,11104,11065,11099,11303,11332,11309,11449,11472,11528,11521,11501
"Total","-Plazas","Bizkaia","Público",1327,1482,1489,1466,1514,1524,1509,1459,1438,1432,1482,1479,1428,2238,2374,2928,2878,3169,2276,3174,3181,3192,3311,3323,3261,3272,3279,3140,3146,3144
"Total","-Plazas","Bizkaia","Privado",3175,3269,3192,3346,3816,4112,4094,4429,5088,5936,6077,6597,7665,7850,7678,7996,8239,8048,8799,7930,7884,7907,7992,8009,8048,8177,8193,8388,8375,8357
"Total","-Plazas","Gipuzkoa","Total",3084,3244,3255,3286,3444,3958,4052,4123,4176,4684,4920,4998,5134,5324,5415,5891,5940,5905,6085,5904,5956,6012,6046,6055,6088,6011,6081,6096,6048,6115
"Total","-Plazas","Gipuzkoa","Público",1733,1841,1739,1745,2422,2666,2660,2721,2737,2452,2536,2599,2508,2520,2461,2560,2559,2838,2901,2966,2829,2841,2888,2851,2901,2884,2903,2875,2893,2852
"Total","-Plazas","Gipuzkoa","Privado",1351,1403,1516,1541,1022,1292,1392,1402,1439,2232,2384,2399,2626,2804,2954,3331,3381,3067,3184,2938,3127,3171,3158,3204,3187,3127,3178,3221,3155,3263
"Total","-Personas usuarias","C.A. de Euskadi","Total",9691,9949,9053,9336,9963,10783,11046,11459,12169,13515,14016,14318,15138,15889,15925,16974,17209,17194,17090,17519,17774,18157,18532,18804,18916,18885,17206,17923,18389,18917
"Total","-Personas usuarias","C.A. de Euskadi","Público",4317,4477,4101,4180,4833,5167,5080,5276,5113,4808,5084,5054,4987,5625,5580,6169,6276,6706,5961,7058,6972,6928,7028,7043,6974,6986,6240,6505,6532,6679
"Total","-Personas usuarias","C.A. de Euskadi","Privado",5374,5472,4952,5156,5130,5616,5966,6183,7056,8707,8932,9264,10151,10264,10345,10805,10933,10488,11129,10461,10802,11229,11504,11761,11942,11899,10966,11418,11857,12238
"Total","-Personas usuarias","Araba/Álava","Total",1664,1673,1563,1579,1713,1805,1836,1988,2020,2235,2287,2280,2406,2424,2440,2488,2538,2612,2604,2656,2756,2748,2942,2901,2959,3127,2785,3051,3037,3114
"Total","-Personas usuarias","Araba/Álava","Público",1157,1140,1091,1098,1072,1094,1090,1257,1116,1145,1321,1351,1354,1319,1313,1290,1269,1302,1284,1303,1319,1246,1310,1237,1185,1242,1070,1144,1108,1169
"Total","-Personas usuarias","Araba/Álava","Privado",507,533,472,481,641,711,746,731,904,1090,966,929,1052,1105,1127,1198,1269,1310,1320,1353,1437,1502,1632,1664,1774,1885,1715,1907,1929,1945
"Total","-Personas usuarias","Bizkaia","Total",4542,4631,4395,4560,4901,5293,5309,5486,6126,6872,7090,7368,7790,8472,8413,9064,9238,9149,9027,9395,9503,9790,9934,10128,10200,10223,9200,9518,9892,10228
"Total","-Personas usuarias","Bizkaia","Público",1325,1353,1379,1397,1414,1459,1423,1397,1334,1302,1329,1287,1248,1939,1990,2524,2655,2837,2014,2985,3019,3051,3096,3133,3095,3072,2753,2763,2894,2954
"Total","-Personas usuarias","Bizkaia","Privado",3217,3278,3016,3163,3487,3834,3886,4089,4792,5570,5761,6081,6542,6533,6423,6540,6583,6312,7013,6410,6484,6739,6838,6995,7105,7151,6447,6755,6998,7274
"Total","-Personas usuarias","Gipuzkoa","Total",3485,3645,3095,3197,3349,3685,3901,3985,4023,4408,4639,4670,4942,4993,5072,5422,5433,5433,5459,5468,5515,5619,5656,5775,5757,5535,5221,5354,5460,5575
"Total","-Personas usuarias","Gipuzkoa","Público",1835,1984,1631,1685,2347,2614,2567,2622,2663,2361,2434,2416,2385,2367,2277,2355,2352,2567,2663,2770,2634,2631,2622,2673,2694,2672,2417,2598,2530,2556
"Total","-Personas usuarias","Gipuzkoa","Privado",1650,1661,1464,1512,1002,1071,1334,1363,1360,2047,2205,2254,2557,2626,2795,3067,3081,2866,2796,2698,2881,2988,3034,3102,3063,2863,2804,2756,2930,3019
"Autónomas","-Centros","C.A. de Euskadi","Total",45,49,45,49,73,103,104,85,78,78,78,83,80,83,77,90,84,82,88,91,88,89,86,86,94,84,71,72,74,75
"Autónomas","-Centros","C.A. de Euskadi","Público",24,27,25,22,28,30,33,35,36,39,41,43,49,51,55,70,62,65,74,78,77,77,75,76,84,75,62,64,66,67
"Autónomas","-Centros","C.A. de Euskadi","Privado",21,22,20,27,45,73,71,50,42,39,37,40,31,32,22,20,22,17,14,13,11,12,11,10,10,9,9,8,8,8
"Autónomas","-Centros","Araba/Álava","Total",14,17,17,17,27,30,31,28,27,25,22,22,22,21,17,15,15,15,15,15,13,13,13,13,13,13,12,11,12,12
"Autónomas","-Centros","Araba/Álava","Público",8,11,10,10,11,12,13,13,13,13,13,13,13,12,12,12,12,12,12,12,11,11,11,11,11,11,10,10,10,10
"Autónomas","-Centros","Araba/Álava","Privado",6,6,7,7,16,18,18,15,14,12,9,9,9,9,5,3,3,3,3,3,2,2,2,2,2,2,2,1,2,2
"Autónomas","-Centros","Bizkaia","Total",18,18,15,19,27,51,50,34,27,24,25,29,23,24,19,20,21,16,15,15,14,15,13,13,13,12,12,13,12,12
"Autónomas","-Centros","Bizkaia","Público",5,4,4,2,1,1,1,1,1,1,1,2,3,4,5,6,5,5,5,5,5,5,4,5,5,5,5,6,6,6
"Autónomas","-Centros","Bizkaia","Privado",13,14,11,17,26,50,49,33,26,23,24,27,20,20,14,14,16,11,10,10,9,10,9,8,8,7,7,7,6,6
"Autónomas","-Centros","Gipuzkoa","Total",13,14,13,13,19,22,23,23,24,29,31,32,35,38,41,55,48,51,58,61,61,61,60,60,68,59,47,48,50,51
"Autónomas","-Centros","Gipuzkoa","Público",11,12,11,10,16,17,19,21,22,25,27,28,33,35,38,52,45,48,57,61,61,61,60,60,68,59,47,48,50,51
"Autónomas","-Centros","Gipuzkoa","Privado",2,2,2,3,3,5,4,2,2,4,4,4,2,3,3,3,3,3,1,:,:,:,:,:,:,:,:,:,:,:
"Autónomas","-Plazas","C.A. de Euskadi","Total",1442,1595,1198,1347,1590,1999,2003,1312,1284,1176,1209,1371,1245,1332,1223,1264,1316,1220,1231,1056,1041,1041,1074,1039,1057,1008,992,999,979,1008
"Autónomas","-Plazas","C.A. de Euskadi","Público",530,637,696,505,407,500,536,564,575,631,720,825,893,951,940,1021,1026,1011,1116,938,931,931,970,945,961,936,918,930,915,944
"Autónomas","-Plazas","C.A. de Euskadi","Privado",912,958,502,842,1183,1499,1467,748,709,545,489,546,352,381,283,243,290,209,115,118,110,110,104,94,96,72,74,69,64,64
"Autónomas","-Plazas","Araba/Álava","Total",380,448,452,451,537,605,617,587,595,459,461,459,459,459,399,375,375,358,363,366,315,315,328,328,328,317,296,291,300,302
"Autónomas","-Plazas","Araba/Álava","Público",183,251,238,234,240,304,324,321,341,351,394,394,394,386,356,356,:,:,:,343,300,300,313,313,313,302,281,281,281,283
"Autónomas","-Plazas","Araba/Álava","Privado",197,197,214,217,297,301,293,266,254,108,67,65,65,73,43,19,:,:,:,23,15,15,15,15,15,15,15,10,19,19
"Autónomas","-Plazas","Bizkaia","Total",962,989,578,723,803,1094,1079,484,457,413,403,471,306,324,269,261,302,171,172,171,165,166,149,151,152,121,133,135,124,124
"Autónomas","-Plazas","Bizkaia","Público",304,284,355,219,20,19,19,19,19,:,:,28,34,58,70,78,62,70,76,76,70,71,60,72,71,64,74,76,79,79
"Autónomas","-Plazas","Bizkaia","Privado",658,705,223,504,783,1075,1060,465,438,:,:,443,272,266,199,183,240,101,96,95,95,95,89,79,81,57,59,59,45,45
"Autónomas","-Plazas","Gipuzkoa","Total",100,158,168,173,250,300,307,241,232,304,345,441,480,549,555,628,639,691,696,519,561,560,597,560,577,570,563,573,555,582
"Autónomas","-Plazas","Gipuzkoa","Público",43,102,103,52,147,177,193,224,215,:,:,403,465,507,514,587,:,:,:,519,561,560,597,560,577,570,563,573,555,582
"Autónomas","-Plazas","Gipuzkoa","Privado",57,56,65,121,103,123,114,17,17,:,:,38,15,42,41,41,:,:,:,:,:,:,:,:,:,:,:,:,:,:
"Autónomas","-Personas usuarias","C.A. de Euskadi","Total",1466,1534,1084,1207,1443,1851,1893,1231,1165,1063,1118,1282,1164,1206,1069,1014,1065,1066,1074,921,863,844,848,846,814,827,802,806,773,791
"Autónomas","-Personas usuarias","C.A. de Euskadi","Público",524,605,624,461,379,467,486,540,520,582,675,795,840,865,821,861,885,875,973,816,769,750,764,761,731,758,740,745,717,736
"Autónomas","-Personas usuarias","C.A. de Euskadi","Privado",942,929,460,746,1064,1384,1407,691,645,481,443,487,324,341,248,153,180,191,101,105,94,94,84,85,83,69,62,61,56,55
"Autónomas","-Personas usuarias","Araba/Álava","Total",416,441,430,432,476,559,588,575,554,437,443,456,457,455,390,362,369,353,336,358,310,280,307,285,255,265,230,222,231,248
"Autónomas","-Personas usuarias","Araba/Álava","Público",195,236,225,228,231,288,301,313,312,337,380,392,392,385,349,344,:,:,:,336,294,265,292,270,239,250,222,212,213,228
"Autónomas","-Personas usuarias","Araba/Álava","Privado",221,205,205,204,245,271,287,262,242,100,63,64,65,70,41,18,:,:,:,22,16,15,15,15,16,15,8,10,18,20
"Autónomas","-Personas usuarias","Bizkaia","Total",956,946,511,613,730,1005,1023,427,400,366,364,412,271,279,223,163,196,152,157,158,135,144,125,131,134,113,124,124,110,108
"Autónomas","-Personas usuarias","Bizkaia","Público",300,278,310,191,13,11,11,12,12,:,:,19,25,39,47,57,53,67,74,75,57,65,56,61,67,59,70,73,72,73
"Autónomas","-Personas usuarias","Bizkaia","Privado",656,668,201,422,717,994,1012,415,388,:,:,393,246,240,176,106,143,85,83,83,78,79,69,70,67,54,54,51,38,35
"Autónomas","-Personas usuarias","Gipuzkoa","Total",94,147,143,162,237,287,282,229,211,260,311,414,436,472,456,489,500,561,581,405,418,420,416,430,425,449,448,460,432,435
"Autónomas","-Personas usuarias","Gipuzkoa","Público",29,91,89,42,135,168,174,215,196,:,:,384,423,441,425,460,:,:,:,405,418,420,416,430,425,449,448,460,432,435
"Autónomas","-Personas usuarias","Gipuzkoa","Privado",65,56,54,120,102,119,108,14,15,:,:,30,13,31,31,29,:,:,:,:,:,:,:,:,:,:,:,:,:,:
"Dependientes","-Centros","C.A. de Euskadi","Total",24,28,12,21,26,30,30,33,29,31,32,32,28,29,28,29,27,28,27,14,14,15,13,13,14,9,9,12,11,13
"Dependientes","-Centros","C.A. de Euskadi","Público",5,5,0,5,10,11,11,14,13,13,13,13,12,14,13,14,12,12,10,1,1,2,1,1,2,2,2,3,3,4
"Dependientes","-Centros","C.A. de Euskadi","Privado",19,23,12,16,16,19,19,19,16,18,19,19,16,15,15,15,15,16,17,13,13,13,12,12,12,7,7,9,8,9
"Dependientes","-Centros","Araba/Álava","Total",4,4,1,3,4,5,5,6,6,7,7,7,9,9,8,8,8,8,8,3,3,3,2,2,2,2,2,2,2,3
"Dependientes","-Centros","Araba/Álava","Público",3,3,0,2,3,4,4,5,5,5,5,5,6,6,5,5,5,5,5,1,1,1,:,:,:,:,:,:,:,1
"Dependientes","-Centros","Araba/Álava","Privado",1,1,1,1,1,1,1,1,1,2,2,2,3,3,3,3,3,3,3,2,2,2,2,2,2,2,2,2,2,2
"Dependientes","-Centros","Bizkaia","Total",14,16,3,10,13,13,12,12,10,10,11,11,9,9,9,10,10,10,10,3,3,3,2,2,3,2,2,3,3,3
"Dependientes","-Centros","Bizkaia","Público",2,2,0,3,4,4,4,4,3,3,3,3,3,5,5,6,6,6,4,:,:,:,:,:,1,1,1,2,2,2
"Dependientes","-Centros","Bizkaia","Privado",12,14,3,7,9,9,8,8,7,7,8,8,6,4,4,4,4,4,6,3,3,3,2,2,2,1,1,1,1,1
"Dependientes","-Centros","Gipuzkoa","Total",6,8,8,8,9,12,13,15,13,14,14,14,10,11,11,11,9,10,9,8,8,9,9,9,9,5,5,7,6,7
"Dependientes","-Centros","Gipuzkoa","Público",0,0,0,0,3,3,3,5,5,5,5,5,3,3,3,3,1,1,:,:,:,1,1,1,1,1,1,1,1,1
"Dependientes","-Centros","Gipuzkoa","Privado",6,8,8,8,6,9,10,10,8,9,9,9,7,8,8,8,8,9,8,8,8,8,8,8,8,4,4,6,5,6
"Dependientes","-Plazas","C.A. de Euskadi","Total",1686,1843,675,1521,1876,2079,2090,2158,1978,2105,2139,2092,2181,2182,2156,2407,2232,2231,1835,772,764,792,784,799,803,480,480,601,561,674
"Dependientes","-Plazas","C.A. de Euskadi","Público",668,668,0,667,1033,1072,1054,1086,947,929,949,949,1047,1381,1365,1575,1355,1326,929,8,2,11,6,6,10,10,10,110,110,204
"Dependientes","-Plazas","C.A. de Euskadi","Privado",1018,1175,675,854,843,1007,1036,1072,1031,1176,1190,1143,1134,801,791,832,877,905,906,764,762,781,778,793,793,470,470,491,451,470
"Dependientes","-Plazas","Araba/Álava","Total",408,415,65,373,420,429,431,409,444,475,475,409,577,571,553,553,552,498,426,46,30,43,38,38,38,38,38,38,38,138
"Dependientes","-Plazas","Araba/Álava","Público",348,348,0,308,322,328,329,307,307,314,314,314,468,468,453,453,:,:,:,8,2,5,:,:,:,:,:,:,:,100
"Dependientes","-Plazas","Araba/Álava","Privado",60,67,65,65,98,101,102,102,137,161,161,95,109,103,100,100,:,:,:,38,28,38,38,38,38,38,38,38,38,38
"Dependientes","-Plazas","Bizkaia","Total",915,975,143,650,863,892,835,832,647,632,673,680,823,816,815,1025,999,1024,733,55,55,62,54,54,58,36,36,136,136,136
"Dependientes","-Plazas","Bizkaia","Público",320,320,0,359,498,500,499,499,360,:,:,380,380,714,713,923,897,922,535,:,:,:,:,:,4,4,4,104,104,104
"Dependientes","-Plazas","Bizkaia","Privado",595,655,143,291,365,392,336,333,287,:,:,300,443,102,102,102,102,102,198,55,55,62,54,54,54,32,32,32,32,32
"Dependientes","-Plazas","Gipuzkoa","Total",363,453,467,498,593,758,824,917,887,998,991,1003,781,795,788,829,681,709,676,671,679,687,692,707,707,406,406,427,387,400
"Dependientes","-Plazas","Gipuzkoa","Público",0,0,0,0,213,244,226,280,280,:,:,255,199,199,199,199,:,:,:,:,:,6,6,6,6,6,6,6,6,0
"Dependientes","-Plazas","Gipuzkoa","Privado",363,453,467,498,380,514,598,637,607,:,:,748,582,596,589,630,:,:,:,671,679,681,686,701,701,400,400,421,381,400
"Dependientes","-Personas usuarias","C.A. de Euskadi","Total",1998,2150,644,1476,1761,1866,2014,2075,1854,1941,2005,1910,1906,2005,2034,2243,2120,2100,1764,731,728,732,753,790,773,463,406,517,514,540
"Dependientes","-Personas usuarias","C.A. de Euskadi","Público",781,661,0,652,984,1042,1009,1036,900,861,878,828,984,1255,1302,1458,1306,1278,897,8,2,6,6,6,6,6,4,92,94,178
"Dependientes","-Personas usuarias","C.A. de Euskadi","Privado",1217,1489,644,824,777,824,1005,1039,954,1080,1127,1082,922,750,732,785,814,822,867,723,726,726,747,784,767,457,402,425,420,362
"Dependientes","-Personas usuarias","Araba/Álava","Total",442,450,65,362,417,421,419,390,400,424,414,399,555,519,526,520,542,488,424,37,29,27,37,37,35,38,36,36,28,123
"Dependientes","-Personas usuarias","Araba/Álava","Público",382,344,0,300,319,320,317,291,302,302,298,304,455,428,444,436,:,:,:,8,2,0,:,:,:,:,:,:,:,86
"Dependientes","-Personas usuarias","Araba/Álava","Privado",60,106,65,62,98,101,102,99,98,122,116,95,100,91,82,84,:,:,:,29,27,27,37,37,35,38,36,36,28,37
"Dependientes","-Personas usuarias","Bizkaia","Total",994,1057,126,625,757,853,789,792,600,574,616,609,588,716,747,905,928,944,679,49,49,51,45,54,47,31,31,114,120,121
"Dependientes","-Personas usuarias","Bizkaia","Público",399,317,0,352,452,479,474,472,325,:,:,321,330,628,661,824,858,876,505,:,:,:,:,:,0,0,0,88,91,92
"Dependientes","-Personas usuarias","Bizkaia","Privado",595,740,126,273,305,374,315,320,275,:,:,288,258,88,86,81,70,68,174,49,49,51,45,54,47,31,31,26,29,29
"Dependientes","-Personas usuarias","Gipuzkoa","Total",562,643,453,489,587,592,806,893,854,943,975,902,763,770,761,818,650,668,661,645,650,654,671,699,691,394,339,367,366,296
"Dependientes","-Personas usuarias","Gipuzkoa","Público",0,0,0,0,213,243,218,273,273,:,:,203,199,199,197,198,:,:,:,:,:,6,6,6,6,6,4,4,3,0
"Dependientes","-Personas usuarias","Gipuzkoa","Privado",562,643,453,489,374,349,588,620,581,:,:,699,564,571,564,620,:,:,:,645,650,648,665,693,685,388,335,363,363,296
"Mixtas","-Centros","C.A. de Euskadi","Total",84,89,114,114,139,149,156,187,213,236,246,254,281,294,300,311,320,316,317,323,318,325,333,333,337,355,354,348,342,339
"Mixtas","-Centros","C.A. de Euskadi","Público",36,38,43,41,44,46,46,47,48,48,51,51,48,53,54,58,59,63,57,76,74,77,78,78,78,81,82,78,78,76
"Mixtas","-Centros","C.A. de Euskadi","Privado",48,51,71,73,95,103,110,140,165,188,195,203,233,241,246,253,261,253,260,247,244,248,255,255,259,274,272,270,264,263
"Mixtas","-Centros","Araba/Álava","Total",10,10,14,17,23,27,27,29,33,38,40,38,40,45,48,52,59,59,62,64,68,69,72,74,78,83,84,81,80,78
"Mixtas","-Centros","Araba/Álava","Público",5,5,9,8,7,7,7,8,7,7,9,9,8,9,10,10,10,10,11,15,16,16,16,16,16,16,16,16,16,15
"Mixtas","-Centros","Araba/Álava","Privado",5,5,5,9,16,20,20,21,26,31,31,29,32,36,38,42,49,49,51,49,52,53,56,58,62,67,68,65,64,63
"Mixtas","-Centros","Bizkaia","Total",40,45,66,63,82,83,87,114,135,149,155,165,187,194,197,202,203,200,197,201,194,198,204,201,201,212,208,205,202,200
"Mixtas","-Centros","Bizkaia","Público",10,11,14,12,14,14,14,14,15,16,16,16,16,21,22,26,26,27,22,35,35,36,37,37,36,40,40,36,37,36
"Mixtas","-Centros","Bizkaia","Privado",30,34,52,51,68,69,73,100,120,133,139,149,171,173,175,176,177,173,175,166,159,162,167,164,165,172,168,169,165,164
"Mixtas","-Centros","Gipuzkoa","Total",34,34,34,34,34,39,42,44,45,49,51,51,54,55,55,57,58,57,58,58,56,58,57,58,58,60,62,62,60,61
"Mixtas","-Centros","Gipuzkoa","Público",21,22,20,21,23,25,25,25,26,25,26,26,24,23,22,22,23,26,24,26,23,25,25,25,26,25,26,26,25,25
"Mixtas","-Centros","Gipuzkoa","Privado",13,12,14,13,11,14,17,19,19,24,25,25,30,32,33,35,35,31,34,32,33,33,32,33,32,35,36,36,35,36
"Mixtas","-Plazas","C.A. de Euskadi","Total",6011,6206,7693,6922,7187,7510,7575,8655,9744,11269,11690,12096,13383,14537,14729,15862,16325,16464,16959,18031,18116,18253,18542,18637,18794,19461,19510,19551,19598,19489
"Mixtas","-Plazas","C.A. de Euskadi","Público",2946,3196,3677,3230,3651,3842,3824,3882,3830,3521,3739,3694,3386,3818,3908,4275,4405,4998,4485,6530,6425,6424,6566,6566,6533,6541,6557,6279,6316,6144
"Mixtas","-Plazas","C.A. de Euskadi","Privado",3065,3010,4016,3692,3536,3668,3751,4773,5914,7748,7951,8402,9997,10719,10821,11587,11920,11466,12474,11501,11691,11829,11976,12071,12261,12920,12953,13272,13282,13345
"Mixtas","-Plazas","Araba/Álava","Total",765,786,1113,868,922,960,965,1118,1265,1564,1623,1617,1546,1609,1689,1790,1889,1937,2076,2439,2555,2617,2685,2722,2891,3134,3095,3198,3231,3115
"Mixtas","-Plazas","Araba/Álava","Público",553,579,907,649,593,592,592,724,529,532,682,682,528,538,569,574,541,591,621,985,1046,1028,1030,1030,1029,1029,1022,1023,1021,913
"Mixtas","-Plazas","Araba/Álava","Privado",212,207,206,219,329,368,373,394,736,1032,941,935,1018,1071,1120,1216,1348,1346,1455,1454,1509,1589,1655,1692,1862,2105,2073,2175,2210,2202
"Mixtas","-Plazas","Bizkaia","Total",2625,2787,3960,3439,3664,3650,3689,4572,5422,6323,6483,6925,7964,8948,8968,9638,9816,10022,10170,10878,10845,10871,11100,11127,11099,11292,11303,11257,11261,11241
"Mixtas","-Plazas","Bizkaia","Público",703,878,1134,888,996,1005,991,941,1059,1053,1083,1071,1014,1466,1591,1927,1919,2177,1665,3098,3111,3121,3251,3251,3186,3204,3201,2960,2963,2961
"Mixtas","-Plazas","Bizkaia","Privado",1922,1909,2826,2551,2668,2645,2698,3631,4363,5270,5400,5854,6950,7482,7377,7711,7897,7845,8505,7780,7734,7750,7849,7876,7913,8088,8102,8297,8298,8280
"Mixtas","-Plazas","Gipuzkoa","Total",2621,2633,2620,2615,2601,2900,2921,2965,3057,3382,3584,3554,3873,3980,4072,4434,4620,4505,4713,4714,4716,4765,4757,4788,4804,5035,5112,5096,5106,5133
"Mixtas","-Plazas","Gipuzkoa","Público",1690,1739,1636,1693,2062,2245,2241,2217,2242,1936,1974,1941,1844,1814,1748,1774,1945,2230,2199,2447,2268,2275,2285,2285,2318,2308,2334,2296,2332,2270
"Mixtas","-Plazas","Gipuzkoa","Privado",931,894,984,922,539,655,680,748,815,1446,1610,1613,2029,2166,2324,2660,2675,2275,2514,2267,2448,2490,2472,2503,2486,2727,2778,2800,2774,2863
"Mixtas","-Personas usuarias","C.A. de Euskadi","Total",6227,6265,7325,6653,6759,7066,7139,8153,9150,10511,10893,11126,12068,12678,12822,13717,14024,14028,14252,15867,16183,16581,16931,17168,17329,17595,15998,16600,17102,17586
"Mixtas","-Personas usuarias","C.A. de Euskadi","Público",3012,3211,3477,3067,3470,3658,3585,3700,3693,3365,3531,3431,3163,3505,3457,3850,4085,4553,4091,6234,6201,6172,6258,6276,6237,6222,5496,5668,5721,5765
"Mixtas","-Personas usuarias","C.A. de Euskadi","Privado",3215,3054,3848,3586,3289,3408,3554,4453,5457,7146,7362,7695,8905,9173,9365,9867,9939,9475,10161,9633,9982,10409,10673,10892,11092,11373,10502,10932,11381,11821
"Mixtas","-Personas usuarias","Araba/Álava","Total",806,782,1068,785,820,825,829,1023,1066,1374,1430,1425,1394,1450,1524,1606,1627,1771,1844,2261,2417,2441,2598,2579,2669,2824,2519,2793,2778,2743
"Mixtas","-Personas usuarias","Araba/Álava","Público",580,560,866,570,522,486,472,653,502,506,643,655,507,506,520,510,476,572,580,959,1023,981,1018,967,946,992,848,932,895,855
"Mixtas","-Personas usuarias","Araba/Álava","Privado",226,222,202,215,298,339,357,370,564,868,787,770,887,944,1004,1096,1151,1199,1264,1302,1394,1460,1580,1612,1723,1832,1671,1861,1883,1888
"Mixtas","-Personas usuarias","Bizkaia","Total",2592,2628,3758,3322,3414,3435,3497,4267,5126,5932,6110,6347,6931,7477,7443,7996,8114,8053,8191,9188,9319,9595,9764,9943,10019,10079,9045,9280,9662,9999
"Mixtas","-Personas usuarias","Bizkaia","Público",626,758,1069,854,949,969,938,913,997,983,990,947,893,1272,1282,1643,1744,1894,1435,2910,2962,2986,3040,3072,3028,3013,2683,2602,2731,2789
"Mixtas","-Personas usuarias","Bizkaia","Privado",1966,1870,2689,2468,2465,2466,2559,3354,4129,4949,5120,5400,6038,6205,6161,6353,6370,6159,6756,6278,6357,6609,6724,6871,6991,7066,6362,6678,6931,7210
"Mixtas","-Personas usuarias","Gipuzkoa","Total",2829,2855,2499,2546,2525,2806,2813,2863,2958,3205,3353,3354,3743,3751,3855,4115,4283,4204,4217,4418,4447,4545,4569,4646,4641,4692,4434,4527,4662,4844
"Mixtas","-Personas usuarias","Gipuzkoa","Público",1806,1893,1542,1643,1999,2203,2175,2134,2194,1876,1898,1829,1763,1727,1655,1697,1865,2087,2076,2365,2216,2205,2200,2237,2263,2217,1965,2134,2095,2121
"Mixtas","-Personas usuarias","Gipuzkoa","Privado",1023,962,957,903,526,603,638,729,764,1329,1455,1525,1980,2024,2200,2418,2418,2117,2141,2053,2231,2340,2369,2409,2378,2475,2469,2393,2567,2723
