Año;Ocupacion;Sexo;Ámbito territorial;Magnitud;Valor
2018;"Cargo directivo";"Mujer";"C.A. de Euskadi";"%";35,8
2022;"Cargo directivo";"Mujer";"C.A. de Euskadi";"%";32,3
2021;"Cargo directivo";"Mujer";"C.A. de Euskadi";"%";32,3
2017;"Cargo directivo";"Mujer";"C.A. de Euskadi";"%";35,6
2015;"Cargo directivo";"Mujer";"C.A. de Euskadi";"%";36,7
2012;"Cargo directivo";"Mujer";"C.A. de Euskadi";"%";29
2011;"Cargo directivo";"Mujer";"C.A. de Euskadi";"%";31,7
2013;"Cargo directivo";"Mujer";"C.A. de Euskadi";"%";31,3
2019;"Cargo directivo";"Mujer";"C.A. de Euskadi";"%";34,3
2023;"Cargo directivo";"Mujer";"C.A. de Euskadi";"%";33,9
2024;"Cargo directivo";"Mujer";"C.A. de Euskadi";"%";34,5
2014;"Cargo directivo";"Mujer";"C.A. de Euskadi";"%";28,7
2010;"Cargo directivo";"Mujer";"C.A. de Euskadi";"%";28,8
2020;"Cargo directivo";"Mujer";"C.A. de Euskadi";"%";31,8
2016;"Cargo directivo";"Mujer";"C.A. de Euskadi";"%";34,7
2011;"Cargo directivo";"Mujer";"Araba/Álava";"%";25,8
2016;"Cargo directivo";"Mujer";"Araba/Álava";"%";27,6
2019;"Cargo directivo";"Mujer";"Araba/Álava";"%";28,4
2012;"Cargo directivo";"Mujer";"Araba/Álava";"%";24,8
2023;"Cargo directivo";"Mujer";"Araba/Álava";"%";36,5
2024;"Cargo directivo";"Mujer";"Araba/Álava";"%";37,6
2018;"Cargo directivo";"Mujer";"Araba/Álava";"%";39,4
2015;"Cargo directivo";"Mujer";"Araba/Álava";"%";35,2
2010;"Cargo directivo";"Mujer";"Araba/Álava";"%";28,4
2021;"Cargo directivo";"Mujer";"Araba/Álava";"%";28,8
2020;"Cargo directivo";"Mujer";"Araba/Álava";"%";27
2017;"Cargo directivo";"Mujer";"Araba/Álava";"%";36,2
2013;"Cargo directivo";"Mujer";"Araba/Álava";"%";29,3
2022;"Cargo directivo";"Mujer";"Araba/Álava";"%";31,3
2014;"Cargo directivo";"Mujer";"Araba/Álava";"%";26,5
2013;"Cargo directivo";"Mujer";"Bizkaia";"%";30,6
2023;"Cargo directivo";"Mujer";"Bizkaia";"%";35,7
2020;"Cargo directivo";"Mujer";"Bizkaia";"%";31,5
2018;"Cargo directivo";"Mujer";"Bizkaia";"%";35,5
2015;"Cargo directivo";"Mujer";"Bizkaia";"%";37,1
2022;"Cargo directivo";"Mujer";"Bizkaia";"%";34,5
2021;"Cargo directivo";"Mujer";"Bizkaia";"%";30,2
2024;"Cargo directivo";"Mujer";"Bizkaia";"%";33,6
2012;"Cargo directivo";"Mujer";"Bizkaia";"%";29,4
2014;"Cargo directivo";"Mujer";"Bizkaia";"%";26,8
2019;"Cargo directivo";"Mujer";"Bizkaia";"%";35,3
2016;"Cargo directivo";"Mujer";"Bizkaia";"%";34,7
2011;"Cargo directivo";"Mujer";"Bizkaia";"%";33,2
2010;"Cargo directivo";"Mujer";"Bizkaia";"%";30,4
2017;"Cargo directivo";"Mujer";"Bizkaia";"%";35,5
2012;"Cargo directivo";"Mujer";"Gipuzkoa";"%";30,4
2024;"Cargo directivo";"Mujer";"Gipuzkoa";"%";34,8
2022;"Cargo directivo";"Mujer";"Gipuzkoa";"%";29,8
2016;"Cargo directivo";"Mujer";"Gipuzkoa";"%";38,6
2019;"Cargo directivo";"Mujer";"Gipuzkoa";"%";34,7
2011;"Cargo directivo";"Mujer";"Gipuzkoa";"%";31
2018;"Cargo directivo";"Mujer";"Gipuzkoa";"%";35
2023;"Cargo directivo";"Mujer";"Gipuzkoa";"%";30,3
2014;"Cargo directivo";"Mujer";"Gipuzkoa";"%";32,5
2010;"Cargo directivo";"Mujer";"Gipuzkoa";"%";26,4
2020;"Cargo directivo";"Mujer";"Gipuzkoa";"%";34,3
2021;"Cargo directivo";"Mujer";"Gipuzkoa";"%";37
2017;"Cargo directivo";"Mujer";"Gipuzkoa";"%";35,4
2015;"Cargo directivo";"Mujer";"Gipuzkoa";"%";36,6
2013;"Cargo directivo";"Mujer";"Gipuzkoa";"%";33,3
2014;"Alta dirección";"Mujer";"C.A. de Euskadi";"%";27,2
2023;"Alta dirección";"Mujer";"C.A. de Euskadi";"%";29,5
2019;"Alta dirección";"Mujer";"C.A. de Euskadi";"%";31,4
2020;"Alta dirección";"Mujer";"C.A. de Euskadi";"%";29,8
2012;"Alta dirección";"Mujer";"C.A. de Euskadi";"%";25,7
2017;"Alta dirección";"Mujer";"C.A. de Euskadi";"%";32,3
2011;"Alta dirección";"Mujer";"C.A. de Euskadi";"%";28,1
2018;"Alta dirección";"Mujer";"C.A. de Euskadi";"%";31,9
2024;"Alta dirección";"Mujer";"C.A. de Euskadi";"%";30
2013;"Alta dirección";"Mujer";"C.A. de Euskadi";"%";30,6
2015;"Alta dirección";"Mujer";"C.A. de Euskadi";"%";29,5
2021;"Alta dirección";"Mujer";"C.A. de Euskadi";"%";28,6
2016;"Alta dirección";"Mujer";"C.A. de Euskadi";"%";30,2
2010;"Alta dirección";"Mujer";"C.A. de Euskadi";"%";32,5
2022;"Alta dirección";"Mujer";"C.A. de Euskadi";"%";27,7
2020;"Alta dirección";"Mujer";"Araba/Álava";"%";25,1
2017;"Alta dirección";"Mujer";"Araba/Álava";"%";38,7
2024;"Alta dirección";"Mujer";"Araba/Álava";"%";31,5
2015;"Alta dirección";"Mujer";"Araba/Álava";"%";25,5
2023;"Alta dirección";"Mujer";"Araba/Álava";"%";30,2
2022;"Alta dirección";"Mujer";"Araba/Álava";"%";24,6
2021;"Alta dirección";"Mujer";"Araba/Álava";"%";24,3
2018;"Alta dirección";"Mujer";"Araba/Álava";"%";42,3
2016;"Alta dirección";"Mujer";"Araba/Álava";"%";26
2013;"Alta dirección";"Mujer";"Araba/Álava";"%";20,1
2019;"Alta dirección";"Mujer";"Araba/Álava";"%";23,3
2011;"Alta dirección";"Mujer";"Araba/Álava";"%";29,6
2010;"Alta dirección";"Mujer";"Araba/Álava";"%";34,6
2012;"Alta dirección";"Mujer";"Araba/Álava";"%";11,7
2014;"Alta dirección";"Mujer";"Araba/Álava";"%";19,9
2023;"Alta dirección";"Mujer";"Bizkaia";"%";31,7
2024;"Alta dirección";"Mujer";"Bizkaia";"%";29,9
2021;"Alta dirección";"Mujer";"Bizkaia";"%";29,5
2020;"Alta dirección";"Mujer";"Bizkaia";"%";32,8
2019;"Alta dirección";"Mujer";"Bizkaia";"%";34,5
2013;"Alta dirección";"Mujer";"Bizkaia";"%";30,9
2018;"Alta dirección";"Mujer";"Bizkaia";"%";27,8
2017;"Alta dirección";"Mujer";"Bizkaia";"%";29,3
2015;"Alta dirección";"Mujer";"Bizkaia";"%";32,3
2012;"Alta dirección";"Mujer";"Bizkaia";"%";27,8
2010;"Alta dirección";"Mujer";"Bizkaia";"%";34,9
2014;"Alta dirección";"Mujer";"Bizkaia";"%";25,2
2022;"Alta dirección";"Mujer";"Bizkaia";"%";31,1
2011;"Alta dirección";"Mujer";"Bizkaia";"%";29,3
2016;"Alta dirección";"Mujer";"Bizkaia";"%";29,9
2024;"Alta dirección";"Mujer";"Gipuzkoa";"%";29,4
2022;"Alta dirección";"Mujer";"Gipuzkoa";"%";24,9
2017;"Alta dirección";"Mujer";"Gipuzkoa";"%";33,7
2018;"Alta dirección";"Mujer";"Gipuzkoa";"%";33,8
2019;"Alta dirección";"Mujer";"Gipuzkoa";"%";29,6
2015;"Alta dirección";"Mujer";"Gipuzkoa";"%";26,1
2014;"Alta dirección";"Mujer";"Gipuzkoa";"%";32,4
2011;"Alta dirección";"Mujer";"Gipuzkoa";"%";25,4
2012;"Alta dirección";"Mujer";"Gipuzkoa";"%";27
2010;"Alta dirección";"Mujer";"Gipuzkoa";"%";28,4
2013;"Alta dirección";"Mujer";"Gipuzkoa";"%";33,8
2016;"Alta dirección";"Mujer";"Gipuzkoa";"%";33,2
2020;"Alta dirección";"Mujer";"Gipuzkoa";"%";26,9
2021;"Alta dirección";"Mujer";"Gipuzkoa";"%";29,1
2023;"Alta dirección";"Mujer";"Gipuzkoa";"%";26,2
2011;"Empresaria";"Mujer";"C.A. de Euskadi";"%";34,5
2019;"Empresaria";"Mujer";"C.A. de Euskadi";"%";35,1
2020;"Empresaria";"Mujer";"C.A. de Euskadi";"%";34,4
2014;"Empresaria";"Mujer";"C.A. de Euskadi";"%";35,2
2024;"Empresaria";"Mujer";"C.A. de Euskadi";"%";37,2
2021;"Empresaria";"Mujer";"C.A. de Euskadi";"%";33,5
2017;"Empresaria";"Mujer";"C.A. de Euskadi";"%";34,5
2015;"Empresaria";"Mujer";"C.A. de Euskadi";"%";33,7
2023;"Empresaria";"Mujer";"C.A. de Euskadi";"%";35,1
2016;"Empresaria";"Mujer";"C.A. de Euskadi";"%";34,7
2012;"Empresaria";"Mujer";"C.A. de Euskadi";"%";36
2022;"Empresaria";"Mujer";"C.A. de Euskadi";"%";33,1
2010;"Empresaria";"Mujer";"C.A. de Euskadi";"%";32,6
2018;"Empresaria";"Mujer";"C.A. de Euskadi";"%";35,4
2013;"Empresaria";"Mujer";"C.A. de Euskadi";"%";34,7
2020;"Empresaria";"Mujer";"Araba/Álava";"%";30,9
2019;"Empresaria";"Mujer";"Araba/Álava";"%";34,6
2018;"Empresaria";"Mujer";"Araba/Álava";"%";36
2011;"Empresaria";"Mujer";"Araba/Álava";"%";31,8
2015;"Empresaria";"Mujer";"Araba/Álava";"%";36,7
2013;"Empresaria";"Mujer";"Araba/Álava";"%";31,8
2017;"Empresaria";"Mujer";"Araba/Álava";"%";32,8
2024;"Empresaria";"Mujer";"Araba/Álava";"%";27,3
2022;"Empresaria";"Mujer";"Araba/Álava";"%";30,7
2016;"Empresaria";"Mujer";"Araba/Álava";"%";34,9
2010;"Empresaria";"Mujer";"Araba/Álava";"%";35,2
2012;"Empresaria";"Mujer";"Araba/Álava";"%";33,6
2014;"Empresaria";"Mujer";"Araba/Álava";"%";33,3
2021;"Empresaria";"Mujer";"Araba/Álava";"%";31,3
2023;"Empresaria";"Mujer";"Araba/Álava";"%";27,7
2015;"Empresaria";"Mujer";"Bizkaia";"%";33
2024;"Empresaria";"Mujer";"Bizkaia";"%";37,7
2023;"Empresaria";"Mujer";"Bizkaia";"%";37
2022;"Empresaria";"Mujer";"Bizkaia";"%";34,6
2021;"Empresaria";"Mujer";"Bizkaia";"%";33,5
2020;"Empresaria";"Mujer";"Bizkaia";"%";35,8
2019;"Empresaria";"Mujer";"Bizkaia";"%";34,9
2017;"Empresaria";"Mujer";"Bizkaia";"%";33,8
2016;"Empresaria";"Mujer";"Bizkaia";"%";34
2014;"Empresaria";"Mujer";"Bizkaia";"%";34,9
2013;"Empresaria";"Mujer";"Bizkaia";"%";35,7
2012;"Empresaria";"Mujer";"Bizkaia";"%";36,9
2011;"Empresaria";"Mujer";"Bizkaia";"%";36,6
2018;"Empresaria";"Mujer";"Bizkaia";"%";35
2010;"Empresaria";"Mujer";"Bizkaia";"%";33,5
2022;"Empresaria";"Mujer";"Gipuzkoa";"%";32
2021;"Empresaria";"Mujer";"Gipuzkoa";"%";34,3
2019;"Empresaria";"Mujer";"Gipuzkoa";"%";35,6
2018;"Empresaria";"Mujer";"Gipuzkoa";"%";35,7
2024;"Empresaria";"Mujer";"Gipuzkoa";"%";40
2017;"Empresaria";"Mujer";"Gipuzkoa";"%";36,2
2013;"Empresaria";"Mujer";"Gipuzkoa";"%";34,5
2016;"Empresaria";"Mujer";"Gipuzkoa";"%";35,6
2012;"Empresaria";"Mujer";"Gipuzkoa";"%";35,6
2010;"Empresaria";"Mujer";"Gipuzkoa";"%";30,5
2011;"Empresaria";"Mujer";"Gipuzkoa";"%";32,6
2020;"Empresaria";"Mujer";"Gipuzkoa";"%";33,4
2014;"Empresaria";"Mujer";"Gipuzkoa";"%";36,4
2015;"Empresaria";"Mujer";"Gipuzkoa";"%";33,2
2023;"Empresaria";"Mujer";"Gipuzkoa";"%";35,3
