Año;Ámbito territorial;Magnitud;Valor
1975;"C.A. de Euskadi";"Defunciones Totales";14699
1975;"C.A. de Euskadi";"Tasa % por 1000 Habitantes";7,1
1976;"C.A. de Euskadi";"Defunciones Totales";14615
1976;"C.A. de Euskadi";"Tasa % por 1000 Habitantes";7
1977;"C.A. de Euskadi";"Defunciones Totales";14523
1977;"C.A. de Euskadi";"Tasa % por 1000 Habitantes";6,9
1978;"C.A. de Euskadi";"Defunciones Totales";14235
1978;"C.A. de Euskadi";"Tasa % por 1000 Habitantes";6,7
1979;"C.A. de Euskadi";"Defunciones Totales";14180
1979;"C.A. de Euskadi";"Tasa % por 1000 Habitantes";6,7
1980;"C.A. de Euskadi";"Defunciones Totales";14254
1980;"C.A. de Euskadi";"Tasa % por 1000 Habitantes";6,7
1981;"C.A. de Euskadi";"Defunciones Totales";14628
1981;"C.A. de Euskadi";"Tasa % por 1000 Habitantes";6,8
1982;"C.A. de Euskadi";"Defunciones Totales";13695
1982;"C.A. de Euskadi";"Tasa % por 1000 Habitantes";6,4
1983;"C.A. de Euskadi";"Defunciones Totales";14853
1983;"C.A. de Euskadi";"Tasa % por 1000 Habitantes";6,9
1984;"C.A. de Euskadi";"Defunciones Totales";14809
1984;"C.A. de Euskadi";"Tasa % por 1000 Habitantes";6,9
1985;"C.A. de Euskadi";"Defunciones Totales";15465
1985;"C.A. de Euskadi";"Tasa % por 1000 Habitantes";7,2
1986;"C.A. de Euskadi";"Defunciones Totales";15094
1986;"C.A. de Euskadi";"Tasa % por 1000 Habitantes";7,1
1987;"C.A. de Euskadi";"Defunciones Totales";15014
1987;"C.A. de Euskadi";"Tasa % por 1000 Habitantes";7
1988;"C.A. de Euskadi";"Defunciones Totales";15680
1988;"C.A. de Euskadi";"Tasa % por 1000 Habitantes";7,4
1989;"C.A. de Euskadi";"Defunciones Totales";15426
1989;"C.A. de Euskadi";"Tasa % por 1000 Habitantes";7,3
1990;"C.A. de Euskadi";"Defunciones Totales";16404
1990;"C.A. de Euskadi";"Tasa % por 1000 Habitantes";7,8
1991;"C.A. de Euskadi";"Defunciones Totales";16766
1991;"C.A. de Euskadi";"Tasa % por 1000 Habitantes";8
1992;"C.A. de Euskadi";"Defunciones Totales";16557
1992;"C.A. de Euskadi";"Tasa % por 1000 Habitantes";7,9
1993;"C.A. de Euskadi";"Defunciones Totales";16799
1993;"C.A. de Euskadi";"Tasa % por 1000 Habitantes";8
1994;"C.A. de Euskadi";"Defunciones Totales";16757
1994;"C.A. de Euskadi";"Tasa % por 1000 Habitantes";8
1995;"C.A. de Euskadi";"Defunciones Totales";17504
1995;"C.A. de Euskadi";"Tasa % por 1000 Habitantes";8,3
1996;"C.A. de Euskadi";"Defunciones Totales";18031
1996;"C.A. de Euskadi";"Tasa % por 1000 Habitantes";8,6
1997;"C.A. de Euskadi";"Defunciones Totales";17535
1997;"C.A. de Euskadi";"Tasa % por 1000 Habitantes";8,4
1998;"C.A. de Euskadi";"Defunciones Totales";18151
1998;"C.A. de Euskadi";"Tasa % por 1000 Habitantes";8,7
1999;"C.A. de Euskadi";"Defunciones Totales";18396
1999;"C.A. de Euskadi";"Tasa % por 1000 Habitantes";8,8
2000;"C.A. de Euskadi";"Defunciones Totales";18242
2000;"C.A. de Euskadi";"Tasa % por 1000 Habitantes";8,8
2001;"C.A. de Euskadi";"Defunciones Totales";18087
2001;"C.A. de Euskadi";"Tasa % por 1000 Habitantes";8,7
2002;"C.A. de Euskadi";"Defunciones Totales";18619
2002;"C.A. de Euskadi";"Tasa % por 1000 Habitantes";8,9
2003;"C.A. de Euskadi";"Defunciones Totales";19305
2003;"C.A. de Euskadi";"Tasa % por 1000 Habitantes";9,2
2004;"C.A. de Euskadi";"Defunciones Totales";18684
2004;"C.A. de Euskadi";"Tasa % por 1000 Habitantes";8,9
2005;"C.A. de Euskadi";"Defunciones Totales";19425
2005;"C.A. de Euskadi";"Tasa % por 1000 Habitantes";9,2
2006;"C.A. de Euskadi";"Defunciones Totales";18507
2006;"C.A. de Euskadi";"Tasa % por 1000 Habitantes";8,7
2007;"C.A. de Euskadi";"Defunciones Totales";19252
2007;"C.A. de Euskadi";"Tasa % por 1000 Habitantes";9
2008;"C.A. de Euskadi";"Defunciones Totales";19437
2008;"C.A. de Euskadi";"Tasa % por 1000 Habitantes";9
2009;"C.A. de Euskadi";"Defunciones Totales";19624
2009;"C.A. de Euskadi";"Tasa % por 1000 Habitantes";9,1
2010;"C.A. de Euskadi";"Defunciones Totales";19357
2010;"C.A. de Euskadi";"Tasa % por 1000 Habitantes";8,9
2011;"C.A. de Euskadi";"Defunciones Totales";19832
2011;"C.A. de Euskadi";"Tasa % por 1000 Habitantes";9,1
2012;"C.A. de Euskadi";"Defunciones Totales";20281
2012;"C.A. de Euskadi";"Tasa % por 1000 Habitantes";9,3
2013;"C.A. de Euskadi";"Defunciones Totales";19692
2013;"C.A. de Euskadi";"Tasa % por 1000 Habitantes";9
2014;"C.A. de Euskadi";"Defunciones Totales";20157
2014;"C.A. de Euskadi";"Tasa % por 1000 Habitantes";9,3
2015;"C.A. de Euskadi";"Defunciones Totales";21509
2015;"C.A. de Euskadi";"Tasa % por 1000 Habitantes";9,9
2016;"C.A. de Euskadi";"Defunciones Totales";21223
2016;"C.A. de Euskadi";"Tasa % por 1000 Habitantes";9,8
2017;"C.A. de Euskadi";"Defunciones Totales";21632
2017;"C.A. de Euskadi";"Tasa % por 1000 Habitantes";9,9
2018;"C.A. de Euskadi";"Defunciones Totales";21745
2018;"C.A. de Euskadi";"Tasa % por 1000 Habitantes";10
2019;"C.A. de Euskadi";"Defunciones Totales";21560
2019;"C.A. de Euskadi";"Tasa % por 1000 Habitantes";9,8
2020;"C.A. de Euskadi";"Defunciones Totales";24247
2020;"C.A. de Euskadi";"Tasa % por 1000 Habitantes";10,5
2021;"C.A. de Euskadi";"Defunciones Totales";23073
2021;"C.A. de Euskadi";"Tasa % por 1000 Habitantes";11
2022;"C.A. de Euskadi";"Defunciones Totales";24194
2022;"C.A. de Euskadi";"Tasa % por 1000 Habitantes";10,1
2023;"C.A. de Euskadi";"Defunciones Totales";22311
2023;"C.A. de Euskadi";"Tasa % por 1000 Habitantes";10,1
2024;"C.A. de Euskadi";"Defunciones Totales";22392
2024;"C.A. de Euskadi";"Tasa % por 1000 Habitantes";10,1
2025;"C.A. de Euskadi";"Defunciones Totales";23214
2025;"C.A. de Euskadi";"Tasa % por 1000 Habitantes";10,4
1975;"Araba/Álava";"Defunciones Totales";1534
1975;"Araba/Álava";"Tasa % por 1000 Habitantes";6,5
1976;"Araba/Álava";"Defunciones Totales";1607
1976;"Araba/Álava";"Tasa % por 1000 Habitantes";6,7
1977;"Araba/Álava";"Defunciones Totales";1584
1977;"Araba/Álava";"Tasa % por 1000 Habitantes";6,5
1978;"Araba/Álava";"Defunciones Totales";1617
1978;"Araba/Álava";"Tasa % por 1000 Habitantes";6,5
1979;"Araba/Álava";"Defunciones Totales";1555
1979;"Araba/Álava";"Tasa % por 1000 Habitantes";6,2
1980;"Araba/Álava";"Defunciones Totales";1537
1980;"Araba/Álava";"Tasa % por 1000 Habitantes";6
1981;"Araba/Álava";"Defunciones Totales";1461
1981;"Araba/Álava";"Tasa % por 1000 Habitantes";5,6
1982;"Araba/Álava";"Defunciones Totales";1490
1982;"Araba/Álava";"Tasa % por 1000 Habitantes";5,7
1983;"Araba/Álava";"Defunciones Totales";1513
1983;"Araba/Álava";"Tasa % por 1000 Habitantes";5,7
1984;"Araba/Álava";"Defunciones Totales";1451
1984;"Araba/Álava";"Tasa % por 1000 Habitantes";5,5
1985;"Araba/Álava";"Defunciones Totales";1636
1985;"Araba/Álava";"Tasa % por 1000 Habitantes";6,1
1986;"Araba/Álava";"Defunciones Totales";1539
1986;"Araba/Álava";"Tasa % por 1000 Habitantes";5,7
1987;"Araba/Álava";"Defunciones Totales";1578
1987;"Araba/Álava";"Tasa % por 1000 Habitantes";5,8
1988;"Araba/Álava";"Defunciones Totales";1758
1988;"Araba/Álava";"Tasa % por 1000 Habitantes";6,5
1989;"Araba/Álava";"Defunciones Totales";1730
1989;"Araba/Álava";"Tasa % por 1000 Habitantes";6,4
1990;"Araba/Álava";"Defunciones Totales";1886
1990;"Araba/Álava";"Tasa % por 1000 Habitantes";6,9
1991;"Araba/Álava";"Defunciones Totales";1919
1991;"Araba/Álava";"Tasa % por 1000 Habitantes";7
1992;"Araba/Álava";"Defunciones Totales";1828
1992;"Araba/Álava";"Tasa % por 1000 Habitantes";6,6
1993;"Araba/Álava";"Defunciones Totales";1906
1993;"Araba/Álava";"Tasa % por 1000 Habitantes";6,9
1994;"Araba/Álava";"Defunciones Totales";1933
1994;"Araba/Álava";"Tasa % por 1000 Habitantes";6,9
1995;"Araba/Álava";"Defunciones Totales";2048
1995;"Araba/Álava";"Tasa % por 1000 Habitantes";7,3
1996;"Araba/Álava";"Defunciones Totales";2088
1996;"Araba/Álava";"Tasa % por 1000 Habitantes";7,4
1997;"Araba/Álava";"Defunciones Totales";2037
1997;"Araba/Álava";"Tasa % por 1000 Habitantes";7,2
1998;"Araba/Álava";"Defunciones Totales";2104
1998;"Araba/Álava";"Tasa % por 1000 Habitantes";7,4
1999;"Araba/Álava";"Defunciones Totales";2272
1999;"Araba/Álava";"Tasa % por 1000 Habitantes";8
2000;"Araba/Álava";"Defunciones Totales";2191
2000;"Araba/Álava";"Tasa % por 1000 Habitantes";7,7
2001;"Araba/Álava";"Defunciones Totales";2219
2001;"Araba/Álava";"Tasa % por 1000 Habitantes";7,8
2002;"Araba/Álava";"Defunciones Totales";2166
2002;"Araba/Álava";"Tasa % por 1000 Habitantes";7,5
2003;"Araba/Álava";"Defunciones Totales";2357
2003;"Araba/Álava";"Tasa % por 1000 Habitantes";8,1
2004;"Araba/Álava";"Defunciones Totales";2275
2004;"Araba/Álava";"Tasa % por 1000 Habitantes";7,7
2005;"Araba/Álava";"Defunciones Totales";2498
2005;"Araba/Álava";"Tasa % por 1000 Habitantes";8,3
2006;"Araba/Álava";"Defunciones Totales";2247
2006;"Araba/Álava";"Tasa % por 1000 Habitantes";7,4
2007;"Araba/Álava";"Defunciones Totales";2414
2007;"Araba/Álava";"Tasa % por 1000 Habitantes";7,8
2008;"Araba/Álava";"Defunciones Totales";2414
2008;"Araba/Álava";"Tasa % por 1000 Habitantes";7,7
2009;"Araba/Álava";"Defunciones Totales";2494
2009;"Araba/Álava";"Tasa % por 1000 Habitantes";7,9
2010;"Araba/Álava";"Defunciones Totales";2430
2010;"Araba/Álava";"Tasa % por 1000 Habitantes";7,6
2011;"Araba/Álava";"Defunciones Totales";2519
2011;"Araba/Álava";"Tasa % por 1000 Habitantes";7,9
2012;"Araba/Álava";"Defunciones Totales";2521
2012;"Araba/Álava";"Tasa % por 1000 Habitantes";7,9
2013;"Araba/Álava";"Defunciones Totales";2579
2013;"Araba/Álava";"Tasa % por 1000 Habitantes";8
2014;"Araba/Álava";"Defunciones Totales";2477
2014;"Araba/Álava";"Tasa % por 1000 Habitantes";7,7
2015;"Araba/Álava";"Defunciones Totales";2767
2015;"Araba/Álava";"Tasa % por 1000 Habitantes";8,6
2016;"Araba/Álava";"Defunciones Totales";2688
2016;"Araba/Álava";"Tasa % por 1000 Habitantes";8,3
2017;"Araba/Álava";"Defunciones Totales";2813
2017;"Araba/Álava";"Tasa % por 1000 Habitantes";8,7
2018;"Araba/Álava";"Defunciones Totales";2763
2018;"Araba/Álava";"Tasa % por 1000 Habitantes";8,5
2019;"Araba/Álava";"Defunciones Totales";2737
2019;"Araba/Álava";"Tasa % por 1000 Habitantes";8,3
2020;"Araba/Álava";"Defunciones Totales";3266
2020;"Araba/Álava";"Tasa % por 1000 Habitantes";9,9
2021;"Araba/Álava";"Defunciones Totales";2970
2021;"Araba/Álava";"Tasa % por 1000 Habitantes";9
2022;"Araba/Álava";"Defunciones Totales";3170
2022;"Araba/Álava";"Tasa % por 1000 Habitantes";9,6
2023;"Araba/Álava";"Defunciones Totales";2914
2023;"Araba/Álava";"Tasa % por 1000 Habitantes";8,7
2024;"Araba/Álava";"Defunciones Totales";3026
2024;"Araba/Álava";"Tasa % por 1000 Habitantes";9
2025;"Araba/Álava";"Defunciones Totales";3111
2025;"Araba/Álava";"Tasa % por 1000 Habitantes";9,2
1975;"Bizkaia";"Defunciones Totales";8439
1975;"Bizkaia";"Tasa % por 1000 Habitantes";7,3
1976;"Bizkaia";"Defunciones Totales";8288
1976;"Bizkaia";"Tasa % por 1000 Habitantes";7,1
1977;"Bizkaia";"Defunciones Totales";8337
1977;"Bizkaia";"Tasa % por 1000 Habitantes";7,1
1978;"Bizkaia";"Defunciones Totales";8225
1978;"Bizkaia";"Tasa % por 1000 Habitantes";7
1979;"Bizkaia";"Defunciones Totales";8417
1979;"Bizkaia";"Tasa % por 1000 Habitantes";7,1
1980;"Bizkaia";"Defunciones Totales";8455
1980;"Bizkaia";"Tasa % por 1000 Habitantes";7,1
1981;"Bizkaia";"Defunciones Totales";8723
1981;"Bizkaia";"Tasa % por 1000 Habitantes";7,3
1982;"Bizkaia";"Defunciones Totales";7986
1982;"Bizkaia";"Tasa % por 1000 Habitantes";6,7
1983;"Bizkaia";"Defunciones Totales";8431
1983;"Bizkaia";"Tasa % por 1000 Habitantes";7,1
1984;"Bizkaia";"Defunciones Totales";8687
1984;"Bizkaia";"Tasa % por 1000 Habitantes";7,3
1985;"Bizkaia";"Defunciones Totales";8850
1985;"Bizkaia";"Tasa % por 1000 Habitantes";7,5
1986;"Bizkaia";"Defunciones Totales";8584
1986;"Bizkaia";"Tasa % por 1000 Habitantes";7,3
1987;"Bizkaia";"Defunciones Totales";8535
1987;"Bizkaia";"Tasa % por 1000 Habitantes";7,3
1988;"Bizkaia";"Defunciones Totales";8634
1988;"Bizkaia";"Tasa % por 1000 Habitantes";7,4
1989;"Bizkaia";"Defunciones Totales";8623
1989;"Bizkaia";"Tasa % por 1000 Habitantes";7,4
1990;"Bizkaia";"Defunciones Totales";9387
1990;"Bizkaia";"Tasa % por 1000 Habitantes";8,1
1991;"Bizkaia";"Defunciones Totales";9320
1991;"Bizkaia";"Tasa % por 1000 Habitantes";8,1
1992;"Bizkaia";"Defunciones Totales";9274
1992;"Bizkaia";"Tasa % por 1000 Habitantes";8
1993;"Bizkaia";"Defunciones Totales";9393
1993;"Bizkaia";"Tasa % por 1000 Habitantes";8,2
1994;"Bizkaia";"Defunciones Totales";9301
1994;"Bizkaia";"Tasa % por 1000 Habitantes";8,1
1995;"Bizkaia";"Defunciones Totales";9829
1995;"Bizkaia";"Tasa % por 1000 Habitantes";8,6
1996;"Bizkaia";"Defunciones Totales";10012
1996;"Bizkaia";"Tasa % por 1000 Habitantes";8,8
1997;"Bizkaia";"Defunciones Totales";9764
1997;"Bizkaia";"Tasa % por 1000 Habitantes";8,6
1998;"Bizkaia";"Defunciones Totales";10071
1998;"Bizkaia";"Tasa % por 1000 Habitantes";8,9
1999;"Bizkaia";"Defunciones Totales";10110
1999;"Bizkaia";"Tasa % por 1000 Habitantes";9
2000;"Bizkaia";"Defunciones Totales";10214
2000;"Bizkaia";"Tasa % por 1000 Habitantes";9,1
2001;"Bizkaia";"Defunciones Totales";10008
2001;"Bizkaia";"Tasa % por 1000 Habitantes";8,9
2002;"Bizkaia";"Defunciones Totales";10430
2002;"Bizkaia";"Tasa % por 1000 Habitantes";9,3
2003;"Bizkaia";"Defunciones Totales";10684
2003;"Bizkaia";"Tasa % por 1000 Habitantes";9,5
2004;"Bizkaia";"Defunciones Totales";10388
2004;"Bizkaia";"Tasa % por 1000 Habitantes";9,3
2005;"Bizkaia";"Defunciones Totales";10811
2005;"Bizkaia";"Tasa % por 1000 Habitantes";9,6
2006;"Bizkaia";"Defunciones Totales";10361
2006;"Bizkaia";"Tasa % por 1000 Habitantes";9,1
2007;"Bizkaia";"Defunciones Totales";10638
2007;"Bizkaia";"Tasa % por 1000 Habitantes";9,3
2008;"Bizkaia";"Defunciones Totales";10755
2008;"Bizkaia";"Tasa % por 1000 Habitantes";9,4
2009;"Bizkaia";"Defunciones Totales";10865
2009;"Bizkaia";"Tasa % por 1000 Habitantes";9,4
2010;"Bizkaia";"Defunciones Totales";10797
2010;"Bizkaia";"Tasa % por 1000 Habitantes";9,4
2011;"Bizkaia";"Defunciones Totales";11012
2011;"Bizkaia";"Tasa % por 1000 Habitantes";9,5
2012;"Bizkaia";"Defunciones Totales";11246
2012;"Bizkaia";"Tasa % por 1000 Habitantes";9,8
2013;"Bizkaia";"Defunciones Totales";10728
2013;"Bizkaia";"Tasa % por 1000 Habitantes";9,3
2014;"Bizkaia";"Defunciones Totales";11155
2014;"Bizkaia";"Tasa % por 1000 Habitantes";9,8
2015;"Bizkaia";"Defunciones Totales";11810
2015;"Bizkaia";"Tasa % por 1000 Habitantes";10,3
2016;"Bizkaia";"Defunciones Totales";11759
2016;"Bizkaia";"Tasa % por 1000 Habitantes";10,3
2017;"Bizkaia";"Defunciones Totales";11813
2017;"Bizkaia";"Tasa % por 1000 Habitantes";10,4
2018;"Bizkaia";"Defunciones Totales";11950
2018;"Bizkaia";"Tasa % por 1000 Habitantes";10,5
2019;"Bizkaia";"Defunciones Totales";11961
2019;"Bizkaia";"Tasa % por 1000 Habitantes";10,5
2020;"Bizkaia";"Defunciones Totales";13243
2020;"Bizkaia";"Tasa % por 1000 Habitantes";11,5
2021;"Bizkaia";"Defunciones Totales";12486
2021;"Bizkaia";"Tasa % por 1000 Habitantes";10,9
2022;"Bizkaia";"Defunciones Totales";13152
2022;"Bizkaia";"Tasa % por 1000 Habitantes";11,5
2023;"Bizkaia";"Defunciones Totales";11888
2023;"Bizkaia";"Tasa % por 1000 Habitantes";10,4
2024;"Bizkaia";"Defunciones Totales";12041
2024;"Bizkaia";"Tasa % por 1000 Habitantes";10,4
2025;"Bizkaia";"Defunciones Totales";12515
2025;"Bizkaia";"Tasa % por 1000 Habitantes";10,8
1975;"Gipuzkoa";"Defunciones Totales";4726
1975;"Gipuzkoa";"Tasa % por 1000 Habitantes";7
1976;"Gipuzkoa";"Defunciones Totales";4720
1976;"Gipuzkoa";"Tasa % por 1000 Habitantes";6,9
1977;"Gipuzkoa";"Defunciones Totales";4602
1977;"Gipuzkoa";"Tasa % por 1000 Habitantes";6,7
1978;"Gipuzkoa";"Defunciones Totales";4393
1978;"Gipuzkoa";"Tasa % por 1000 Habitantes";6,4
1979;"Gipuzkoa";"Defunciones Totales";4208
1979;"Gipuzkoa";"Tasa % por 1000 Habitantes";6,1
1980;"Gipuzkoa";"Defunciones Totales";4262
1980;"Gipuzkoa";"Tasa % por 1000 Habitantes";6,1
1981;"Gipuzkoa";"Defunciones Totales";4444
1981;"Gipuzkoa";"Tasa % por 1000 Habitantes";6,4
1982;"Gipuzkoa";"Defunciones Totales";4219
1982;"Gipuzkoa";"Tasa % por 1000 Habitantes";6,1
1983;"Gipuzkoa";"Defunciones Totales";4909
1983;"Gipuzkoa";"Tasa % por 1000 Habitantes";7,1
1984;"Gipuzkoa";"Defunciones Totales";4671
1984;"Gipuzkoa";"Tasa % por 1000 Habitantes";6,7
1985;"Gipuzkoa";"Defunciones Totales";4979
1985;"Gipuzkoa";"Tasa % por 1000 Habitantes";7,2
1986;"Gipuzkoa";"Defunciones Totales";4971
1986;"Gipuzkoa";"Tasa % por 1000 Habitantes";7,2
1987;"Gipuzkoa";"Defunciones Totales";4901
1987;"Gipuzkoa";"Tasa % por 1000 Habitantes";7,1
1988;"Gipuzkoa";"Defunciones Totales";5288
1988;"Gipuzkoa";"Tasa % por 1000 Habitantes";7,7
1989;"Gipuzkoa";"Defunciones Totales";5073
1989;"Gipuzkoa";"Tasa % por 1000 Habitantes";7,4
1990;"Gipuzkoa";"Defunciones Totales";5131
1990;"Gipuzkoa";"Tasa % por 1000 Habitantes";7,6
1991;"Gipuzkoa";"Defunciones Totales";5527
1991;"Gipuzkoa";"Tasa % por 1000 Habitantes";8,2
1992;"Gipuzkoa";"Defunciones Totales";5455
1992;"Gipuzkoa";"Tasa % por 1000 Habitantes";8,1
1993;"Gipuzkoa";"Defunciones Totales";5500
1993;"Gipuzkoa";"Tasa % por 1000 Habitantes";8,1
1994;"Gipuzkoa";"Defunciones Totales";5523
1994;"Gipuzkoa";"Tasa % por 1000 Habitantes";8,2
1995;"Gipuzkoa";"Defunciones Totales";5627
1995;"Gipuzkoa";"Tasa % por 1000 Habitantes";8,3
1996;"Gipuzkoa";"Defunciones Totales";5931
1996;"Gipuzkoa";"Tasa % por 1000 Habitantes";8,8
1997;"Gipuzkoa";"Defunciones Totales";5734
1997;"Gipuzkoa";"Tasa % por 1000 Habitantes";8,5
1998;"Gipuzkoa";"Defunciones Totales";5976
1998;"Gipuzkoa";"Tasa % por 1000 Habitantes";8,9
1999;"Gipuzkoa";"Defunciones Totales";6014
1999;"Gipuzkoa";"Tasa % por 1000 Habitantes";8,9
2000;"Gipuzkoa";"Defunciones Totales";5837
2000;"Gipuzkoa";"Tasa % por 1000 Habitantes";8,7
2001;"Gipuzkoa";"Defunciones Totales";5860
2001;"Gipuzkoa";"Tasa % por 1000 Habitantes";8,7
2002;"Gipuzkoa";"Defunciones Totales";6023
2002;"Gipuzkoa";"Tasa % por 1000 Habitantes";8,9
2003;"Gipuzkoa";"Defunciones Totales";6264
2003;"Gipuzkoa";"Tasa % por 1000 Habitantes";9,2
2004;"Gipuzkoa";"Defunciones Totales";6021
2004;"Gipuzkoa";"Tasa % por 1000 Habitantes";8,8
2005;"Gipuzkoa";"Defunciones Totales";6116
2005;"Gipuzkoa";"Tasa % por 1000 Habitantes";8,9
2006;"Gipuzkoa";"Defunciones Totales";5899
2006;"Gipuzkoa";"Tasa % por 1000 Habitantes";8,6
2007;"Gipuzkoa";"Defunciones Totales";6200
2007;"Gipuzkoa";"Tasa % por 1000 Habitantes";9
2008;"Gipuzkoa";"Defunciones Totales";6268
2008;"Gipuzkoa";"Tasa % por 1000 Habitantes";9
2009;"Gipuzkoa";"Defunciones Totales";6265
2009;"Gipuzkoa";"Tasa % por 1000 Habitantes";9
2010;"Gipuzkoa";"Defunciones Totales";6130
2010;"Gipuzkoa";"Tasa % por 1000 Habitantes";8,7
2011;"Gipuzkoa";"Defunciones Totales";6301
2011;"Gipuzkoa";"Tasa % por 1000 Habitantes";8,9
2012;"Gipuzkoa";"Defunciones Totales";6514
2012;"Gipuzkoa";"Tasa % por 1000 Habitantes";9,2
2013;"Gipuzkoa";"Defunciones Totales";6385
2013;"Gipuzkoa";"Tasa % por 1000 Habitantes";9
2014;"Gipuzkoa";"Defunciones Totales";6525
2014;"Gipuzkoa";"Tasa % por 1000 Habitantes";9,2
2015;"Gipuzkoa";"Defunciones Totales";6932
2015;"Gipuzkoa";"Tasa % por 1000 Habitantes";9,8
2016;"Gipuzkoa";"Defunciones Totales";6776
2016;"Gipuzkoa";"Tasa % por 1000 Habitantes";9,5
2017;"Gipuzkoa";"Defunciones Totales";7006
2017;"Gipuzkoa";"Tasa % por 1000 Habitantes";9,8
2018;"Gipuzkoa";"Defunciones Totales";7032
2018;"Gipuzkoa";"Tasa % por 1000 Habitantes";9,8
2019;"Gipuzkoa";"Defunciones Totales";6862
2019;"Gipuzkoa";"Tasa % por 1000 Habitantes";9,6
2020;"Gipuzkoa";"Defunciones Totales";7738
2020;"Gipuzkoa";"Tasa % por 1000 Habitantes";10,8
2021;"Gipuzkoa";"Defunciones Totales";7617
2021;"Gipuzkoa";"Tasa % por 1000 Habitantes";10,6
2022;"Gipuzkoa";"Defunciones Totales";7872
2022;"Gipuzkoa";"Tasa % por 1000 Habitantes";11
2023;"Gipuzkoa";"Defunciones Totales";7509
2023;"Gipuzkoa";"Tasa % por 1000 Habitantes";10,4
2024;"Gipuzkoa";"Defunciones Totales";7325
2024;"Gipuzkoa";"Tasa % por 1000 Habitantes";10,1
2025;"Gipuzkoa";"Defunciones Totales";7588
2025;"Gipuzkoa";"Tasa % por 1000 Habitantes";10,4
