Archivo;Código;Objetivo Num;Objetivo ODS;Año Inicio;Año Fin;Indicador
"1-3-1.csv";"1-3-1";1;"Fin de la Pobreza";2010;2025;"Proporción de la población cubierta por sistemas o niveles mínimos de protección social, desglosada por sexo, distinguiendo entre los niños/as, las personas desempleadas, los ancianos/as, las personas con discapacidad, las mujeres embarazadas, los recién nacidos/as, las víctimas de accidentes de trabajo, las personas pobres y las personas vulnerables"
"1-4-1.csv";"1-4-1";1;"Fin de la Pobreza";2010;2023;"Proporción de la población que vive en hogares con acceso a los servicios básicos"
"1-5-1.csv";"1-5-1";1;"Fin de la Pobreza";2010;2024;"Número de personas muertas, desaparecidas y afectadas directamente atribuido a desastres por cada 100.000 habitantes"
"1-5-2.csv";"1-5-2";1;"Fin de la Pobreza";2010;2024;"Pérdidas económicas directas atribuidas a los desastres en relación con el producto interno bruto (PIB) mundial"
"1-5-4.csv";"1-5-4";1;"Fin de la Pobreza";2010;2024;"Proporción de gobiernos locales que adoptan y aplican estrategias locales de reducción del riesgo de desastres en consonancia con las estrategias nacionales"
"1-a-2.csv";"1-a-2";1;"Fin de la Pobreza";2010;2024;"Proporción del gasto público total que se dedica a servicios esenciales (educación, salud y protección social)"
"10-4-1.csv";"10-4-1";10;"Reducción de las Desigualdades";2010;2023;"Proporción del PIB generada por el trabajo"
"11-4-1.csv";"11-4-1";11;"Ciudades y comunidades sostenibles";2010;2023;"Total de gastos per cápita destinados a la preservación, protección y conservación de todo el patrimonio cultural y natural"
"11-5-1.csv";"11-5-1";11;"Ciudades y comunidades sostenibles";2010;2024;"Número de personas muertas, desaparecidas y afectadas directamente atribuido a desastres por cada 100.000 personas"
"11-5-2.csv";"11-5-2";11;"Ciudades y comunidades sostenibles";2010;2024;"Pérdidas económicas directas atribuidas a los desastres en relación con el producto interno bruto (PIB) mundial"
"11-6-1.csv";"11-6-1";11;"Ciudades y comunidades sostenibles";2010;2024;"Proporción de residuos sólidos municipales recogidos y administrados en instalaciones controladas"
"11-6-2.csv";"11-6-2";11;"Ciudades y comunidades sostenibles";2010;2024;"Niveles medios anuales de partículas finas en suspensión (PM2.5 y PM10) en las ciudades"
"11-a-1.csv";"11-a-1";11;"Ciudades y comunidades sostenibles";2010;2025;"Número de países que cuentan con políticas urbanas nacionales o planes de desarrollo regionales"
"11-b-2.csv";"11-b-2";11;"Ciudades y comunidades sostenibles";2010;2024;"Proporción de gobiernos locales que adoptan y aplican estrategias locales de reducción del riesgo de desastres"
"12-1-1.csv";"12-1-1";12;"Producción y Consumo Responsables";2010;2025;"Número de países que elaboran, adoptan o aplican instrumentos de política destinados a apoyar la transición hacia modalidades de consumo y producción sostenibles"
"12-2-2.csv";"12-2-2";12;"Producción y Consumo Responsables";2010;2022;"Consumo material interno en términos absolutos, per cápita y por PIB"
"12-4-2.csv";"12-4-2";12;"Producción y Consumo Responsables";2010;2024;"Desechos peligrosos generados per cápita y proporción de desechos peligrosos tratados"
"12-5-1.csv";"12-5-1";12;"Producción y Consumo Responsables";2010;2024;"Tasa nacional de reciclado, en toneladas de material reciclado"
"12-6-1.csv";"12-6-1";12;"Producción y Consumo Responsables";2010;2024;"Número de empresas que publican informes sobre sostenibilidad"
"12-a-1.csv";"12-a-1";12;"Producción y Consumo Responsables";2010;2024;"Capacidad instalada de generación de energía renovable en los países en desarrollo y en los países desarrollados"
"13-1-1.csv";"13-1-1";13;"Acción por el Clima";2010;2024;"Número de personas muertas, desaparecidas y afectadas directamente atribuido a desastres por cada 100.000 personas"
"13-1-3.csv";"13-1-3";13;"Acción por el Clima";2010;2024;"Proporción de gobiernos locales que adoptan y aplican estrategias locales de reducción del riesgo de desastres"
"13-2-2.csv";"13-2-2";13;"Acción por el Clima";2010;2023;"Emisiones totales de gases de efecto invernadero por año"
"14-3-1.csv";"14-3-1";14;"Vida Submarina";2010;2024;"Acidez media del mar (pH) medida en un conjunto convenido de estaciones de muestreo representativas"
"15-1-1.csv";"15-1-1";15;"Vida de Ecosistemas Terrestres";2010;2024;"Superficie forestal en proporción a la superficie total"
"15-3-1.csv";"15-3-1";15;"Vida de Ecosistemas Terrestres";2010;2022;"Proporción de tierras degradadas en comparación con la superficie total"
"16-1-2.csv";"16-1-2";16;"Paz, justicia e instituciones fuertes";2010;2025;"Muertes relacionadas con conflictos por cada 100.000 habitantes"
"16-1-E1.csv";"16-1-E1";16;"Paz, justicia e instituciones fuertes";2010;2023;"Población que reporta ocurrencia de delitos, violencia o vandalismo en su área (Indicador UE sdg_16_20)"
"16-6-1.csv";"16-6-1";16;"Paz, justicia e instituciones fuertes";2010;2023;"Gastos primarios del gobierno en proporción al presupuesto aprobado originalmente"
"16-7-1.csv";"16-7-1";16;"Paz, justicia e instituciones fuertes";2010;2025;"Proporciones de plazas en las instituciones nacionales y locales en comparación con la distribución nacional"
"16-9-1.csv";"16-9-1";16;"Paz, justicia e instituciones fuertes";2010;2025;"Proporción de niños/as menores de 5 años cuyo nacimiento se ha registrado ante una autoridad civil"
"17-1-1.csv";"17-1-1";17;"Alianzas para Lograr los Objetivos";2010;2023;"Total de ingresos del gobierno en proporción al PIB, desglosado por fuente"
"17-1-2.csv";"17-1-2";17;"Alianzas para Lograr los Objetivos";2010;2023;"Proporción del presupuesto nacional financiado por impuestos internos"
"17-13-1.csv";"17-13-1";17;"Alianzas para Lograr los Objetivos";2010;2024;"Tablero macroeconómico"
"17-18-2.csv";"17-18-2";17;"Alianzas para Lograr los Objetivos";2010;2025;"Número de países cuya legislación nacional sobre estadísticas cumple los Principios Fundamentales de las Estadísticas Oficiales"
"17-18-3.csv";"17-18-3";17;"Alianzas para Lograr los Objetivos";2010;2025;"Número de países que cuentan con un plan estadístico nacional plenamente financiado y en proceso de aplicación"
"17-19-2.csv";"17-19-2";17;"Alianzas para Lograr los Objetivos";2010;2025;"Proporción de países que han realizado un censo de población y vivienda en los últimos diez años y registrado nacimientos y defunciones"
"17-2-1.csv";"17-2-1";17;"Alianzas para Lograr los Objetivos";2010;2023;"Asistencia oficial para el desarrollo neta, total y para los países menos adelantados, en proporción al INB de los donantes del CAD-OCDE"
"17-3-1.csv";"17-3-1";17;"Alianzas para Lograr los Objetivos";2010;2024;"Recursos financieros adicionales movilizados para los países en desarrollo procedentes de múltiples fuentes"
"17-6-1.csv";"17-6-1";17;"Alianzas para Lograr los Objetivos";2010;2024;"Número de abonados/as a servicios de banda ancha fija por cada 100 habitantes, desglosado por velocidad"
"2-4-E2.csv";"2-4-E2";2;"Hambre Cero";2010;2023;"Emisiones de amoníaco de la agricultura y ganadería (Indicador UE sdg_02_60)"
"2-a-1.csv";"2-a-1";2;"Hambre Cero";2010;2024;"Índice de orientación agrícola para el gasto público"
"3-1-1.csv";"3-1-1";3;"Salud y Bienestar";2010;2024;"Tasa de mortalidad materna"
"3-1-2.csv";"3-1-2";3;"Salud y Bienestar";2010;2025;"Proporción de partos atendidos por personal sanitario especializado"
"3-2-1.csv";"3-2-1";3;"Salud y Bienestar";2010;2024;"Tasa de mortalidad de niños/as menores de 5 años"
"3-2-2.csv";"3-2-2";3;"Salud y Bienestar";2010;2024;"Tasa de mortalidad neonatal"
"3-3-1.csv";"3-3-1";3;"Salud y Bienestar";2010;2024;"Número de nuevas infecciones por el VIH por cada 1.000 habitantes no infectados/as, desglosado por sexo, edad y poblaciones clave"
"3-3-3.csv";"3-3-3";3;"Salud y Bienestar";2010;2024;"Incidencia de la malaria por cada 1.000 habitantes"
"3-3-4.csv";"3-3-4";3;"Salud y Bienestar";2010;2024;"Incidencia de la hepatitis B por cada 100.000 habitantes"
"3-4-1.csv";"3-4-1";3;"Salud y Bienestar";2010;2024;"Tasa de mortalidad atribuida a las enfermedades cardiovasculares, el cáncer, la diabetes o las enfermedades respiratorias crónicas"
"3-4-2.csv";"3-4-2";3;"Salud y Bienestar";2010;2024;"Tasa de mortalidad por suicidio"
"3-4-E2.csv";"3-4-E2";3;"Salud y Bienestar";2010;2024;"Esperanza de vida al nacer (Indicador Gobierno Vasco)"
"3-5-1.csv";"3-5-1";3;"Salud y Bienestar";2010;2023;"Cobertura de los tratamientos de trastornos por abuso de sustancias adictivas"
"3-6-1.csv";"3-6-1";3;"Salud y Bienestar";2010;2024;"Tasa de mortalidad por lesiones debidas a accidentes de tráfico"
"3-7-2.csv";"3-7-2";3;"Salud y Bienestar";2010;2025;"Tasa de fecundidad de las adolescentes (entre 10 y 14 años y entre 15 y 19 años) por cada 1.000 mujeres de ese grupo de edad"
"3-8-1.csv";"3-8-1";3;"Salud y Bienestar";2010;2025;"Cobertura de los servicios de salud esenciales"
"3-8-2.csv";"3-8-2";3;"Salud y Bienestar";2010;2023;"Proporción de la población con grandes gastos sanitarios por hogar como porcentaje del total de gastos o ingresos de los hogares"
"3-9-3.csv";"3-9-3";3;"Salud y Bienestar";2010;2024;"Tasa de mortalidad atribuida a intoxicaciones involuntarias"
"3-c-1.csv";"3-c-1";3;"Salud y Bienestar";2010;2025;"Densidad y distribución del personal sanitario"
"4-2-2.csv";"4-2-2";4;"Educación de Calidad";2010;2024;"Tasa de participación en el aprendizaje organizado (un año antes de la edad oficial de ingreso en la educación primaria), desglosada por sexo"
"4-3-1.csv";"4-3-1";4;"Educación de Calidad";2010;2024;"Tasa de participación de personas jóvenes y adultas en la educación y formación académica y no académica en los últimos 12 meses"
"4-5-1.csv";"4-5-1";4;"Educación de Calidad";2010;2024;"Índices de paridad para todos los indicadores de educación de esta lista que puedan desglosarse"
"4-a-1.csv";"4-a-1";4;"Educación de Calidad";2010;2025;"Proporción de escuelas que ofrecen servicios básicos, desglosada por tipo de servicio"
"4-c-1.csv";"4-c-1";4;"Educación de Calidad";2010;2025;"Proporción de docentes con las calificaciones mínimas requeridas, desglosada por nivel educativo"
"5-3-1.csv";"5-3-1";5;"Igualdad de Género";2010;2024;"Proporción de mujeres de entre 20 y 24 años que estaban casadas o mantenían una unión estable antes de cumplir los 15 años y antes de cumplir los 18 años"
"5-5-1.csv";"5-5-1";5;"Igualdad de Género";2010;2025;"Proporción de escaños ocupados por mujeres en los parlamentos nacionales y los gobiernos locales"
"5-5-2.csv";"5-5-2";5;"Igualdad de Género";2010;2024;"Proporción de mujeres en cargos directivos"
"6-2-1.csv";"6-2-1";6;"Agua Limpia y Saneamiento";2010;2023;"Proporción de la población que utiliza servicios de saneamiento gestionados sin riesgos y de lavado de manos con agua y jabón"
"6-5-2.csv";"6-5-2";6;"Agua Limpia y Saneamiento";2010;2025;"Proporción de la superficie de cuencas transfronterizas sujetas a arreglos operacionales para la cooperación en materia de aguas"
"6-b-1.csv";"6-b-1";6;"Agua Limpia y Saneamiento";2010;2025;"Proporción de dependencias administrativas locales que han establecido políticas para la participación de las comunidades locales en la gestión del agua y el saneamiento"
"7-1-2.csv";"7-1-2";7;"Energía Asequible y No Contaminante";2010;2024;"Proporción de la población cuya fuente primaria de energía son los combustibles y tecnologías limpios"
"7-2-1.csv";"7-2-1";7;"Energía Asequible y No Contaminante";2010;2023;"Proporción de energía renovable en el consumo final total de energía"
"7-b-1.csv";"7-b-1";7;"Energía Asequible y No Contaminante";2010;2024;"Capacidad instalada de generación de energía renovable en los países en desarrollo y en los países desarrollados (vatios per cápita)"
"8-1-1.csv";"8-1-1";8;"Trabajo decente y crecimiento económico";2010;2024;"Tasa de crecimiento anual del PIB real per cápita"
"8-10-1.csv";"8-10-1";8;"Trabajo decente y crecimiento económico";2010;2024;"Número de sucursales de bancos comerciales y cajeros automáticos por cada 100.000 personas adultas"
"8-2-1.csv";"8-2-1";8;"Trabajo decente y crecimiento económico";2010;2024;"Tasa de crecimiento anual del PIB real por persona empleada"
"8-4-2.csv";"8-4-2";8;"Trabajo decente y crecimiento económico";2010;2022;"Consumo material interno en términos absolutos, per cápita y por PIB"
"8-5-1.csv";"8-5-1";8;"Trabajo decente y crecimiento económico";2010;2023;"Ingreso medio por hora de las personas empleadas, desglosado por sexo, edad, ocupación y discapacidad"
"8-5-2.csv";"8-5-2";8;"Trabajo decente y crecimiento económico";2010;2024;"Tasa de desempleo, desglosada por sexo, edad y personas con discapacidad"
"8-5-E1.csv";"8-5-E1";8;"Trabajo decente y crecimiento económico";2010;2024;"Tasa de ocupación de la población (Indicador UE sdg_08_30)"
"8-6-1.csv";"8-6-1";8;"Trabajo decente y crecimiento económico";2010;2024;"Proporción de jóvenes (entre 15 y 24 años) que no cursan estudios, no están empleados/as ni reciben capacitación"
"8-9-1.csv";"8-9-1";8;"Trabajo decente y crecimiento económico";2010;2024;"PIB generado directamente por el turismo en proporción al PIB total y a la tasa de crecimiento"
"8-b-1.csv";"8-b-1";8;"Trabajo decente y crecimiento económico";2010;2023;"Existencia de una estrategia nacional organizada y en marcha para el empleo de las personas jóvenes"
"9-1-2.csv";"9-1-2";9;"Industria, Innovación e Infraestructura";2010;2025;"Volumen de transporte de pasajeros y carga, desglosado por medio de transporte"
"9-2-1.csv";"9-2-1";9;"Industria, Innovación e Infraestructura";2010;2024;"Valor añadido del sector manufacturero en proporción al PIB y per cápita"
"9-2-2.csv";"9-2-2";9;"Industria, Innovación e Infraestructura";2010;2024;"Empleo del sector manufacturero en proporción al empleo total"
"9-3-1.csv";"9-3-1";9;"Industria, Innovación e Infraestructura";2010;2024;"Proporción del valor añadido total del sector industrial correspondiente a las pequeñas industrias"
"9-4-1.csv";"9-4-1";9;"Industria, Innovación e Infraestructura";2010;2023;"Emisiones de CO2 por unidad de valor añadido"
"9-4-E1.csv";"9-4-E1";9;"Industria, Innovación e Infraestructura";2010;2023;"Intensidad de las emisiones atmosféricas de la industria manufacturera (Indicador UE sdg_09_70)"
"9-5-1.csv";"9-5-1";9;"Industria, Innovación e Infraestructura";2010;2024;"Gastos en investigación y desarrollo en proporción al PIB"
"9-5-2.csv";"9-5-2";9;"Industria, Innovación e Infraestructura";2010;2024;"Número de personas investigadoras (equivalente a tiempo completo) por cada millón de habitantes"
"9-b-1.csv";"9-b-1";9;"Industria, Innovación e Infraestructura";2010;2023;"Proporción del valor añadido por la industria de tecnología mediana y alta en el valor añadido total"
"OCECA-1-a-2-2.csv";"OCECA-1-a-2-2";1;"Fin de la Pobreza";2010;2023;"Proporción del gasto público total que se dedica a servicios esenciales (educación, salud y protección social)"
"OCECA-10-2-1-1A.csv";"OCECA-10-2-1-1A";10;"Reducción de las Desigualdades";2010;2024;"Proporción de personas que viven por debajo del 50% de la mediana de los ingresos"
"OCECA-9-4-1-5.csv";"OCECA-9-4-1-5";9;"Industria, Innovación e Infraestructura";2010;2023;"Emisiones de CO2 por unidad de valor añadido"
"OCECA-9-4-1-6.csv";"OCECA-9-4-1-6";9;"Industria, Innovación e Infraestructura";2010;2023;"Emisiones de CO2 por unidad de valor añadido"
"1-1-1.csv";"1-1-1";1;"Fin de la Pobreza";2008;2022;"Proporción de la población que vive por debajo del umbral internacional de pobreza, desglosada por sexo, edad, situación laboral y ubicación geográfica (urbana o rural)"
"1-2-1.csv";"1-2-1";1;"Fin de la Pobreza";2008;2024;"Proporción de la población que vive por debajo del umbral nacional de pobreza, desglosada por sexo y edad"
"1-2-2.csv";"1-2-2";1;"Fin de la Pobreza";2004;2024;"Proporción de hombres, mujeres y niños/as de todas las edades que viven en la pobreza, en todas sus dimensiones, con arreglo a las definiciones nacionales"
"1-a-1.csv";"1-a-1";1;"Fin de la Pobreza";2014;2024;"Total de subvenciones de asistencia oficial para el desarrollo destinadas a la reducción de la pobreza en porcentaje de la renta nacional bruta del país beneficiario"
"10-1-1.csv";"10-1-1";10;"Reducción de las Desigualdades";2008;2022;"Tasas de crecimiento per cápita de los gastos o ingresos de los hogares del 40% más pobre de la población y la población total"
"10-2-1.csv";"10-2-1";10;"Reducción de las Desigualdades";2008;2022;"Proporción de personas que viven por debajo del 50% de la mediana de los ingresos"
"10-3-1.csv";"10-3-1";10;"Reducción de las Desigualdades";2013;2023;"Proporción de la población que declara haberse sentido personalmente discriminada o acosada en los últimos 12 meses"
"10-4-2.csv";"10-4-2";10;"Reducción de las Desigualdades";2012;2022;"Impacto redistributivo de la política fiscal en el índice de Gini"
"10-7-4.csv";"10-7-4";10;"Reducción de las Desigualdades";2015;2022;"Proporción de la población integrada por refugiados/as, desglosada por país de origen"
"11-1-1.csv";"11-1-1";11;"Ciudades y comunidades sostenibles";2008;2024;"Proporción de la población urbana que vive en barrios marginales, asentamientos informales o viviendas inadecuadas"
"11-3-2.csv";"11-3-2";11;"Ciudades y comunidades sostenibles";2015;2025;"Proporción de ciudades que cuentan con una estructura de participación directa de la sociedad civil en la planificación y gestión urbanas"
"11-7-1.csv";"11-7-1";11;"Ciudades y comunidades sostenibles";2014;2017;"Proporción media de la superficie edificada de las ciudades que se dedica a espacios abiertos para uso público"
"11-7-2.csv";"11-7-2";11;"Ciudades y comunidades sostenibles";2015;2024;"Proporción de personas que han sido víctimas de acoso no sexual o sexual en los últimos 12 meses"
"12-3-1.csv";"12-3-1";12;"Producción y Consumo Responsables";2022;2022;"Índice de pérdidas de alimentos e índice de desperdicio de alimentos"
"12-7-1.csv";"12-7-1";12;"Producción y Consumo Responsables";2022;2025;"Número de países que aplican políticas y planes de acción sostenibles en materia de adquisiciones públicas"
"14-5-1.csv";"14-5-1";14;"Vida Submarina";2024;2024;"Cobertura de las zonas protegidas en relación con las zonas marinas"
"15-1-2.csv";"15-1-2";15;"Vida de Ecosistemas Terrestres";2024;2024;"Proporción de lugares importantes para la biodiversidad terrestre y del agua dulce incluidos en zonas protegidas"
"15-1-E1.csv";"15-1-E1";15;"Vida de Ecosistemas Terrestres";2015;2021;"Superficie de las áreas terrestres protegidas (km2 y porcentaje) (Indicador UE sdg_15_20)"
"15-2-1.csv";"15-2-1";15;"Vida de Ecosistemas Terrestres";2011;2023;"Avances hacia la gestión forestal sostenible"
"15-4-1.csv";"15-4-1";15;"Vida de Ecosistemas Terrestres";2024;2024;"Lugares importantes para la biodiversidad de las montañas incluidos en zonas protegidas"
"15-4-2.csv";"15-4-2";15;"Vida de Ecosistemas Terrestres";2015;2021;"Índice de cobertura verde de las montañas y proporción de terreno montañoso degradado"
"15-8-1.csv";"15-8-1";15;"Vida de Ecosistemas Terrestres";2013;2025;"Proporción de países que han aprobado legislación para la prevención o el control de las especies exóticas invasoras"
"16-1-1.csv";"16-1-1";16;"Paz, justicia e instituciones fuertes";2020;2025;"Número de víctimas de homicidios intencionales por cada 100.000 habitantes, desglosado por sexo y edad"
"16-1-4.csv";"16-1-4";16;"Paz, justicia e instituciones fuertes";2014;2024;"Proporción de la población que se siente segura al caminar sola en su zona de residencia después de que oscurece"
"16-2-2.csv";"16-2-2";16;"Paz, justicia e instituciones fuertes";2012;2024;"Número de víctimas de la trata de personas por cada 100.000 habitantes"
"16-3-2.csv";"16-3-2";16;"Paz, justicia e instituciones fuertes";2012;2024;"Proporción de personas detenidas que no han sido condenadas en el conjunto de la población reclusa total"
"16-6-2.csv";"16-6-2";16;"Paz, justicia e instituciones fuertes";2011;2025;"Proporción de la población que se siente satisfecha con su última experiencia de los servicios públicos"
"16-b-1.csv";"16-b-1";16;"Paz, justicia e instituciones fuertes";2013;2023;"Proporción de la población que declara haberse sentido personalmente discriminada o acosada en los últimos 12 meses"
"17-3-2.csv";"17-3-2";17;"Alianzas para Lograr los Objetivos";2013;2024;"Volumen de remesas (en dólares de los Estados Unidos) en proporción al PIB total"
"17-8-1.csv";"17-8-1";17;"Alianzas para Lograr los Objetivos";2008;2025;"Proporción de personas que utilizan Internet"
"2-1-2.csv";"2-1-2";2;"Hambre Cero";2000;2024;"Prevalencia de la inseguridad alimentaria moderada o grave entre la población, según la escala de experiencia de inseguridad alimentaria"
"2-2-2.csv";"2-2-2";2;"Hambre Cero";2013;2023;"Prevalencia de la malnutrición entre las y los niños menores de 5 años, desglosada por tipo (emaciación y sobrepeso)"
"2-2-E1.csv";"2-2-E1";2;"Hambre Cero";2011;2023;"Tasa de obesidad de la población adulta según el índice de masa corporal (IMC) (Indicador UE sdg_02_10)"
"2-3-1.csv";"2-3-1";2;"Hambre Cero";2015;2021;"Volumen de producción por unidad de trabajo desglosado por tamaño y tipo de explotación (agropecuaria/ganadera/forestal)"
"2-3-2.csv";"2-3-2";2;"Hambre Cero";2015;2021;"Media de ingresos de los productores de alimentos en pequeña escala, desglosada por sexo y condición indígena"
"2-4-1.csv";"2-4-1";2;"Hambre Cero";2014;2023;"Proporción de la superficie agrícola en que se practica una agricultura productiva y sostenible"
"2-4-E1.csv";"2-4-E1";2;"Hambre Cero";2008;2024;"Superficie dedicada a la agricultura ecológica (Indicador UE sdg_02_40)"
"2-a-2.csv";"2-a-2";2;"Hambre Cero";2014;2024;"Total de corrientes oficiales de recursos destinado al sector agrícola"
"2-c-1.csv";"2-c-1";2;"Hambre Cero";2002;2024;"Indicador de anomalías en los precios de los alimentos"
"3-3-2.csv";"3-3-2";3;"Salud y Bienestar";2012;2024;"Incidencia de la tuberculosis por cada 100.000 habitantes"
"3-4-E1.csv";"3-4-E1";3;"Salud y Bienestar";2012;2025;"Tasa de participación en los programas de cribado poblacional de cáncer (Indicador Gobierno Vasco)"
"3-5-2.csv";"3-5-2";3;"Salud y Bienestar";2015;2023;"Consumo de alcohol per cápita (a partir de los 15 años) durante un año civil en litros de alcohol puro"
"3-7-1.csv";"3-7-1";3;"Salud y Bienestar";2018;2018;"Proporción de mujeres en edad de procrear que cubren sus necesidades de planificación familiar con métodos modernos"
"3-9-1.csv";"3-9-1";3;"Salud y Bienestar";2015;2023;"Tasa de mortalidad atribuida a la contaminación de los hogares y del aire ambiente"
"3-a-1.csv";"3-a-1";3;"Salud y Bienestar";2008;2023;"Prevalencia del consumo actual de tabaco a partir de los 15 años de edad"
"3-b-1.csv";"3-b-1";3;"Salud y Bienestar";2017;2024;"Proporción de la población inmunizada con todas las vacunas incluidas en cada programa nacional"
"3-b-2.csv";"3-b-2";3;"Salud y Bienestar";2014;2024;"Total neto de asistencia oficial para el desarrollo destinado a los sectores de la investigación médica y la atención sanitaria básica"
"4-1-1.csv";"4-1-1";4;"Educación de Calidad";2012;2022;"Proporción de niños/as y adolescentes que han alcanzado al menos un nivel mínimo de competencia en lectura y matemáticas, desglosada por sexo"
"4-1-2.csv";"4-1-2";4;"Educación de Calidad";2015;2022;"Tasa de finalización (educación primaria, secundaria inferior y secundaria superior)"
"4-1-E1.csv";"4-1-E1";4;"Educación de Calidad";2021;2025;"Tasa de abandono escolar prematuro de la población de 18-24 años (Indicador UE sdg_04_10)"
"4-4-1.csv";"4-4-1";4;"Educación de Calidad";2019;2025;"Proporción de personas jóvenes y adultas con competencias en tecnología de la información y las comunicaciones (TIC)"
"4-6-1.csv";"4-6-1";4;"Educación de Calidad";2012;2023;"Proporción de la población en un grupo de edad determinado que ha alcanzado al menos un nivel fijo de competencia funcional en alfabetización y aritmética"
"5-1-1.csv";"5-1-1";5;"Igualdad de Género";2015;2024;"Determinar si existen o no marcos jurídicos para promover, hacer cumplir y supervisar la igualdad y la no discriminación por razón de sexo"
"5-2-1.csv";"5-2-1";5;"Igualdad de Género";2019;2024;"Proporción de mujeres y niñas a partir de 15 años que han sufrido violencia física, sexual o psicológica a manos de su pareja en los últimos 12 meses"
"5-2-2.csv";"5-2-2";5;"Igualdad de Género";2019;2024;"Proporción de mujeres y niñas a partir de 15 años que han sufrido violencia sexual a manos de personas que no eran su pareja en los últimos 12 meses"
"5-4-1.csv";"5-4-1";5;"Igualdad de Género";2013;2023;"Proporción de tiempo dedicado al trabajo doméstico y asistencial no remunerado, desglosada por sexo, edad y ubicación"
"5-a-1.csv";"5-a-1";5;"Igualdad de Género";2009;2023;"Proporción de la población agrícola con derechos de propiedad o derechos seguros sobre tierras agrícolas, desglosada por sexo"
"5-a-2.csv";"5-a-2";5;"Igualdad de Género";2015;2025;"Proporción de países cuyo ordenamiento jurídico garantiza la igualdad de derechos de la mujer a la propiedad o el control de las tierras"
"5-b-1.csv";"5-b-1";5;"Igualdad de Género";2008;2025;"Proporción de personas que poseen un teléfono móvil, desglosada por sexo"
"6-1-1.csv";"6-1-1";6;"Agua Limpia y Saneamiento";2016;2024;"Proporción de la población que utiliza servicios de suministro de agua potable gestionados sin riesgos"
"6-3-1.csv";"6-3-1";6;"Agua Limpia y Saneamiento";2012;2022;"Proporción de los flujos de aguas residuales domésticas e industriales tratados de manera adecuada"
"6-3-2.csv";"6-3-2";6;"Agua Limpia y Saneamiento";2015;2024;"Proporción de masas de agua de buena calidad"
"6-4-2.csv";"6-4-2";6;"Agua Limpia y Saneamiento";2013;2024;"Nivel de estrés hídrico: extracción de agua dulce en proporción a los recursos de agua dulce disponibles"
"7-1-1.csv";"7-1-1";7;"Energía Asequible y No Contaminante";2012;2024;"Proporción de la población que tiene acceso a la electricidad"
"7-3-1.csv";"7-3-1";7;"Energía Asequible y No Contaminante";2007;2023;"Intensidad energética medida en función de la energía primaria y el PIB"
"8-10-2.csv";"8-10-2";8;"Trabajo decente y crecimiento económico";2016;2021;"Proporción de adultos/as que tienen una cuenta en un banco u otra institución financiera"
"8-8-1.csv";"8-8-1";8;"Trabajo decente y crecimiento económico";2013;2025;"Lesiones ocupacionales mortales y no mortales por cada 100.000 trabajadores"
"9-1-1.csv";"9-1-1";9;"Industria, Innovación e Infraestructura";2024;2024;"Proporción de la población rural que vive a menos de 2 km de una carretera transitable todo el año"
"9-c-1.csv";"9-c-1";9;"Industria, Innovación e Infraestructura";2012;2025;"Proporción de la población con cobertura de red móvil, desglosada por tecnología"
"OCECA-1-2-1-1A.csv";"OCECA-1-2-1-1A";1;"Fin de la Pobreza";2008;2024;"Proporción de la población que vive por debajo del umbral nacional de pobreza, desglosada por sexo y edad"
"OCECA-1-2-1-2A.csv";"OCECA-1-2-1-2A";1;"Fin de la Pobreza";2008;2024;"Proporción de la población que vive por debajo del umbral nacional de pobreza, desglosada por sexo y edad"
"OCECA-1-2-1-2B.csv";"OCECA-1-2-1-2B";1;"Fin de la Pobreza";2008;2020;"Proporción de la población que vive por debajo del umbral nacional de pobreza, desglosada por sexo y edad"
"OCECA-1-2-2-1A.csv";"OCECA-1-2-2-1A";1;"Fin de la Pobreza";2008;2024;"Proporción de hombres, mujeres y niños/as de todas las edades que viven en la pobreza, en todas sus dimensiones, con arreglo a las definiciones nacionales"
"OCECA-1-a-2-1.csv";"OCECA-1-a-2-1";1;"Fin de la Pobreza";2012;2024;"Proporción del gasto público total que se dedica a servicios esenciales (educación, salud y protección social)"
"OCECA-6-1-1.csv";"OCECA-6-1-1";6;"Agua Limpia y Saneamiento";2016;2023;"Proporción de la población que utiliza servicios de suministro de agua potable gestionados sin riesgos"
"OCECA-8-9-1-3AB4AB.csv";"OCECA-8-9-1-3AB4AB";8;"Trabajo decente y crecimiento económico";2016;2025;"PIB generado directamente por el turismo en proporción al PIB total y a la tasa de crecimiento"
"OCECA-8-9-1-3CD.csv";"OCECA-8-9-1-3CD";8;"Trabajo decente y crecimiento económico";2016;2025;"PIB generado directamente por el turismo en proporción al PIB total y a la tasa de crecimiento"
