;;;;;;;;;;;;;;;;;;;;;;;;;;;;;;;;;;;;;;;;;;;;;;;;;;
Tabla 4.03.03 Esperanza de vida al nacimiento por sexo según año. C.A. de Euskadi. 1975-2024. Años.;;;;;;;;;;;;;;;;;;;;;;;;;;;;;;;;;;;;;;;;;;;;;;;;;;
;;;;;;;;;;;;;;;;;;;;;;;;;;;;;;;;;;;;;;;;;;;;;;;;;;
;1975;1976;1977;1978;1979;1980;1981;1982;1983;1984;1985;1986;1987;1988;1989;1990;1991;1992;1993;1994;1995;1996;1997;1998;1999;2000;2001;2002;2003;2004;2005;2006;2007;2008;2009;2010;2011;2012;2013;2014;2015;2016;2017;2018;2019;2020;2021;2022;2023;2024
Total;72,7;73,1;73,5;73,8;74,3;74,6;74,9;75,7;75,6;75,9;76,0;76,0;76,5;76,6;77,1;76,8;77,1;77,7;78,0;78,4;78,2;78,2;79,0;79,0;79,4;79,6;80,2;80,2;80,3;80,8;80,9;81,5;81,3;81,7;82,0;82,4;82,5;82,8;83,1;83,4;83,1;83,4;83,6;83,7;84,0;83,2;83,7;83,5;84,4;84,6
Mujeres;76,1;76,7;77,1;77,5;78,0;78,4;78,7;79,4;79,1;79,7;79,6;79,6;80,4;80,2;81,0;80,7;81,4;81,9;82,3;82,5;82,3;82,2;82,9;82,6;83,1;83,3;83,9;83,7;83,7;84,2;84,5;85,0;84,7;85,0;85,3;85,5;85,6;85,8;86,3;86,1;85,9;86,3;86,3;86,3;86,8;86,0;86,4;86,1;87,0;87,2
Hombres;69,2;69,5;69,9;70,2;70,7;70,9;71,2;72,1;72,1;72,1;72,4;72,4;72,7;73,1;73,1;73,0;72,9;73,5;73,9;74,2;74,1;74,2;75,1;75,3;75,7;75,9;76,4;76,6;76,7;77,3;77,2;77,9;77,9;78,4;78,6;79,2;79,2;79,6;79,9;80,4;80,1;80,4;80,6;80,8;81,1;80,3;80,9;80,7;81,7;81,9
;;;;;;;;;;;;;;;;;;;;;;;;;;;;;;;;;;;;;;;;;;;;;;;;;;
Fuentes:;;;;;;;;;;;;;;;;;;;;;;;;;;;;;;;;;;;;;;;;;;;;;;;;;;
Instituto Nacional de Estadística (INE);;;;;;;;;;;;;;;;;;;;;;;;;;;;;;;;;;;;;;;;;;;;;;;;;;
;;;;;;;;;;;;;;;;;;;;;;;;;;;;;;;;;;;;;;;;;;;;;;;;;;
;;;;;;;;;;;;;;;;;;;;;;;;;;;;;;;;;;;;;;;;;;;;;;;;;;
;;;;;;;;;;;;;;;;;;;;;;;;;;;;;;;;;;;;;;;;;;;;;;;;;;
;;;;;;;;;;;;;;;;;;;;;;;;;;;;;;;;;;;;;;;;;;;;;;;;;;
;;;;;;;;;;;;;;;;;;;;;;;;;;;;;;;;;;;;;;;;;;;;;;;;;;
;;;;;;;;;;;;;;;;;;;;;;;;;;;;;;;;;;;;;;;;;;;;;;;;;;
;;;;;;;;;;;;;;;;;;;;;;;;;;;;;;;;;;;;;;;;;;;;;;;;;;
;;;;;;;;;;;;;;;;;;;;;;;;;;;;;;;;;;;;;;;;;;;;;;;;;;
;;;;;;;;;;;;;;;;;;;;;;;;;;;;;;;;;;;;;;;;;;;;;;;;;;
;;;;;;;;;;;;;;;;;;;;;;;;;;;;;;;;;;;;;;;;;;;;;;;;;;
;;;;;;;;;;;;;;;;;;;;;;;;;;;;;;;;;;;;;;;;;;;;;;;;;;
;;;;;;;;;;;;;;;;;;;;;;;;;;;;;;;;;;;;;;;;;;;;;;;;;;
;;;;;;;;;;;;;;;;;;;;;;;;;;;;;;;;;;;;;;;;;;;;;;;;;;
;;;;;;;;;;;;;;;;;;;;;;;;;;;;;;;;;;;;;;;;;;;;;;;;;;
;;;;;;;;;;;;;;;;;;;;;;;;;;;;;;;;;;;;;;;;;;;;;;;;;;
;;;;;;;;;;;;;;;;;;;;;;;;;;;;;;;;;;;;;;;;;;;;;;;;;;
;;;;;;;;;;;;;;;;;;;;;;;;;;;;;;;;;;;;;;;;;;;;;;;;;;
;;;;;;;;;;;;;;;;;;;;;;;;;;;;;;;;;;;;;;;;;;;;;;;;;;
;;;;;;;;;;;;;;;;;;;;;;;;;;;;;;;;;;;;;;;;;;;;;;;;;;
;;;;;;;;;;;;;;;;;;;;;;;;;;;;;;;;;;;;;;;;;;;;;;;;;;
;;;;;;;;;;;;;;;;;;;;;;;;;;;;;;;;;;;;;;;;;;;;;;;;;;
